date,stock_price,stock_value,cash,total_equity,returns,cummax,drawdown
2023-12-07 00:00:00-05:00,192.45249938964844,96226.24969482422,3773.7503051757812,100000.0,,100000.0,0.0
2023-12-08 00:00:00-05:00,193.8789978027344,96939.4989013672,3773.7503051757812,100713.24920654298,0.007132492065429874,100713.24920654298,0.0
2023-12-11 00:00:00-05:00,191.3726959228516,95686.3479614258,3773.7503051757812,99460.09826660158,-0.012442761501730959,100713.24920654298,-0.012442761501730931
2023-12-12 00:00:00-05:00,192.88836669921875,96444.18334960938,3773.7503051757812,100217.93365478516,0.007619491649326626,100713.24920654298,-0.004918077369761278
2023-12-13 00:00:00-05:00,196.1079559326172,98053.9779663086,3773.7503051757812,101827.72827148438,0.016062939615621996,101827.72827148438,0.0
2023-12-14 00:00:00-05:00,196.25657653808597,98128.28826904298,3773.7503051757812,101902.03857421876,0.0007297649078084056,101902.03857421876,0.0
2023-12-15 00:00:00-05:00,195.7216339111328,97860.8169555664,3773.7503051757812,101634.56726074219,-0.0026247886422975375,101902.03857421876,-0.002624788642297558
2023-12-18 00:00:00-05:00,194.0573272705078,97028.6636352539,3773.7503051757812,100802.41394042969,-0.008187699743706478,101902.03857421876,-0.010790997404710236
2023-12-19 00:00:00-05:00,195.09750366210935,97548.75183105467,3773.7503051757812,101322.50213623045,0.005159481558726586,101902.03857421876,-0.0056871917980935585
2023-12-20 00:00:00-05:00,193.0072784423828,96503.6392211914,3773.7503051757812,100277.38952636719,-0.010314713788434515,101902.03857421876,-0.015943243830870854
2023-12-21 00:00:00-05:00,192.85862731933597,96429.31365966798,3773.7503051757812,100203.06396484376,-0.0007411996051600589,101902.03857421876,-0.01667262630999848
2023-12-22 00:00:00-05:00,191.7887725830078,95894.3862915039,3773.7503051757812,99668.13659667969,-0.005338433247427998,101902.03857421876,-0.02192205385481125
2023-12-26 00:00:00-05:00,191.2439117431641,95621.95587158205,3773.7503051757812,99395.70617675783,-0.0027333752714198134,101902.03857421876,-0.024595507926325626
2023-12-27 00:00:00-05:00,191.3429718017578,95671.4859008789,3773.7503051757812,99445.23620605469,0.0004983115589398679,101902.03857421876,-0.02410945259328353
2023-12-28 00:00:00-05:00,191.76893615722656,95884.46807861328,3773.7503051757812,99658.21838378906,0.0021417031711108425,101902.03857421876,-0.022019384713245462
2023-12-29 00:00:00-05:00,190.72879028320312,95364.39514160156,3773.7503051757812,99138.14544677734,-0.0052185654675150905,101902.03857421876,-0.027123040580080075
2024-01-02 00:00:00-05:00,183.9032287597656,91951.6143798828,3773.7503051757812,95725.36468505858,-0.03442449670950243,101902.03857421876,-0.06061384026838188
2024-01-03 00:00:00-05:00,182.52622985839844,91263.11492919922,3773.7503051757812,95036.865234375,-0.007192445314246454,101902.03857421876,-0.0673703238512115
2024-01-04 00:00:00-05:00,180.2081298828125,90104.06494140625,3773.7503051757812,93877.81524658203,-0.012195793547425837,101902.03857421876,-0.07874448283772473
2024-01-05 00:00:00-05:00,179.48497009277344,89742.48504638672,3773.7503051757812,93516.2353515625,-0.0038516010845565107,101902.03857421876,-0.08229279158678063
2024-01-08 00:00:00-05:00,183.8239898681641,91911.99493408205,3773.7503051757812,95685.74523925783,0.023199285980015416,101902.03857421876,-0.06100263961288073
2024-01-09 00:00:00-05:00,183.40789794921875,91703.94897460938,3773.7503051757812,95477.69927978516,-0.0021742628324883384,101902.03857421876,-0.06304426667337515
2024-01-10 00:00:00-05:00,184.44808959960935,92224.04479980467,3773.7503051757812,95997.79510498045,0.0054473016119840345,101902.03857421876,-0.05794038619686736
2024-01-11 00:00:00-05:00,183.8537139892578,91926.8569946289,3773.7503051757812,95700.60729980469,-0.0030957774066662225,101902.03857421876,-0.06085679306501176
2024-01-12 00:00:00-05:00,184.18060302734372,92090.30151367186,3773.7503051757812,95864.05181884764,0.001707873373581803,101902.03857421876,-0.05925285538790717
2024-01-16 00:00:00-05:00,181.9120330810547,90956.01654052734,3773.7503051757812,94729.76684570312,-0.011832224401363223,101902.03857421876,-0.07038398670789915
2024-01-17 00:00:00-05:00,180.97091674804688,90485.45837402344,3773.7503051757812,94259.20867919922,-0.004967373848500656,101902.03857421876,-0.07500173698147372
2024-01-18 00:00:00-05:00,186.86524963378903,93432.62481689452,3773.7503051757812,97206.3751220703,0.03126661558237176,101902.03857421876,-0.046080171877311886
2024-01-19 00:00:00-05:00,189.7678375244141,94883.91876220705,3773.7503051757812,98657.66906738283,0.014930028441962007,101902.03857421876,-0.031838121712088725
2024-01-22 00:00:00-05:00,192.0760498046875,96038.02490234375,3773.7503051757812,99811.77520751953,0.011698088461308043,101902.03857421876,-0.020512478415010534
2024-01-23 00:00:00-05:00,193.35400390625,96677.001953125,3773.7503051757812,100450.75225830078,0.006401820320826257,101902.03857421876,-0.014241975295331914
2024-01-24 00:00:00-05:00,192.68032836914065,96340.16418457033,3773.7503051757812,100113.91448974611,-0.0033532627778488644,101902.03857421876,-0.01754748098753985
2024-01-25 00:00:00-05:00,192.3534240722656,96176.7120361328,3773.7503051757812,99950.46234130858,-0.001632661646191802,101902.03857421876,-0.019151493534535966
2024-01-26 00:00:00-05:00,190.6197967529297,95309.89837646484,3773.7503051757812,99083.64868164062,-0.008672432716799072,101902.03857421876,-0.027657836212230526
2024-01-29 00:00:00-05:00,189.93624877929688,94968.12438964844,3773.7503051757812,98741.87469482422,-0.003449348014166631,101902.03857421876,-0.031011782723982403
2024-01-30 00:00:00-05:00,186.28077697753903,93140.38848876952,3773.7503051757812,96914.1387939453,-0.01851024103530341,101902.03857421876,-0.04894798818613042
2024-01-31 00:00:00-05:00,182.67481994628903,91337.40997314452,3773.7503051757812,95111.1602783203,-0.018603874915077312,101902.03857421876,-0.06664124085164828
2024-02-01 00:00:00-05:00,185.11183166503903,92555.91583251952,3773.7503051757812,96329.6661376953,0.012811386758497356,101902.03857421876,-0.05468362080376749
2024-02-02 00:00:00-05:00,184.11126708984372,92055.63354492186,3773.7503051757812,95829.38385009764,-0.005193439442451098,101902.03857421876,-0.0595930641730803
2024-02-05 00:00:00-05:00,185.9241180419922,92962.0590209961,3773.7503051757812,96735.80932617188,0.009458742607508785,101902.03857421876,-0.05069799702077743
2024-02-06 00:00:00-05:00,187.52899169921875,93764.49584960938,3773.7503051757812,97538.24615478516,0.008295137387103857,101902.03857421876,-0.04282340648421187
2024-02-07 00:00:00-05:00,187.63796997070312,93818.98498535156,3773.7503051757812,97592.73529052734,0.0005586437924638421,101902.03857421876,-0.042288685721952525
2024-02-08 00:00:00-05:00,186.5581817626953,93279.09088134766,3773.7503051757812,97052.84118652344,-0.005532113659860838,101902.03857421876,-0.04758685356587336
2024-02-09 00:00:00-05:00,187.32192993164065,93660.96496582033,3773.7503051757812,97434.71527099611,0.00393470278462793,101902.03857421876,-0.04383939090648271
2024-02-12 00:00:00-05:00,185.6356658935547,92817.83294677734,3773.7503051757812,96591.58325195312,-0.008653302025853682,101902.03857421876,-0.05211333744219309
2024-02-13 00:00:00-05:00,183.54275512695312,91771.37756347656,3773.7503051757812,95545.12786865234,-0.0108338154119616,101902.03857421876,-0.0623825665758047
2024-02-14 00:00:00-05:00,182.6599578857422,91329.9789428711,3773.7503051757812,95103.72924804688,-0.004619792033899062,101902.03857421876,-0.06671416412558269
2024-02-15 00:00:00-05:00,182.3722686767578,91186.1343383789,3773.7503051757812,94959.88464355469,-0.0015125022502221475,101902.03857421876,-0.0681257610524432
2024-02-16 00:00:00-05:00,180.8348388671875,90417.41943359375,3773.7503051757812,94191.16973876953,-0.008095154155574602,101902.03857421876,-0.07566942667033243
2024-02-20 00:00:00-05:00,180.09091186523438,90045.45593261719,3773.7503051757812,93819.20623779297,-0.0039490273027521505,101902.03857421876,-0.07931963334117983
2024-02-21 00:00:00-05:00,180.84475708007807,90422.37854003903,3773.7503051757812,94196.12884521481,0.004017542063471602,101902.03857421876,-0.07562076124111561
2024-02-22 00:00:00-05:00,182.878173828125,91439.0869140625,3773.7503051757812,95212.83721923828,0.010793526087405914,101902.03857421876,-0.06564344981291526
2024-02-23 00:00:00-05:00,181.0431671142578,90521.5835571289,3773.7503051757812,94295.33386230469,-0.00963634089404286,101902.03857421876,-0.07464722804709988
2024-02-26 00:00:00-05:00,179.69415283203125,89847.07641601562,3773.7503051757812,93620.8267211914,-0.007153133813580181,101902.03857421876,-0.08126640024964629
2024-02-27 00:00:00-05:00,181.15223693847656,90576.11846923828,3773.7503051757812,94349.86877441406,0.007787178117896643,101902.03857421876,-0.07411205806549391
2024-02-28 00:00:00-05:00,179.95204162597656,89976.02081298828,3773.7503051757812,93749.77111816406,-0.0063603443655528835,101902.03857421876,-0.08000102422011042
2024-02-29 00:00:00-05:00,179.28746032714844,89643.73016357422,3773.7503051757812,93417.48046875,-0.0035444422471734294,101902.03857421876,-0.08326190745722098
2024-03-01 00:00:00-05:00,178.206298828125,89103.1494140625,3773.7503051757812,92876.89971923828,-0.005786719431943532,101902.03857421876,-0.0885668135913411
2024-03-04 00:00:00-05:00,173.68319702148438,86841.59851074219,3773.7503051757812,90615.34881591797,-0.024349982720750285,101902.03857421876,-0.11076019593151035
2024-03-05 00:00:00-05:00,168.74346923828125,84371.73461914062,3773.7503051757812,88145.4849243164,-0.027256573239253457,101902.03857421876,-0.13499782577836247
2024-03-06 00:00:00-05:00,167.75155639648438,83875.77819824219,3773.7503051757812,87649.52850341797,-0.005626566367231134,101902.03857421876,-0.13986481791941976
2024-03-07 00:00:00-05:00,167.63255310058594,83816.27655029297,3773.7503051757812,87590.02685546875,-0.0006788587339280339,101902.03857421876,-0.14044872820013393
2024-03-08 00:00:00-05:00,169.34854125976562,84674.27062988281,3773.7503051757812,88448.0209350586,0.009795568175879232,101902.03857421876,-0.13202893511655459
2024-03-11 00:00:00-04:00,171.35218811035156,85676.09405517578,3773.7503051757812,89449.84436035156,0.011326691255517662,101902.03857421876,-0.12219769484589693
2024-03-12 00:00:00-04:00,171.82830810546875,85914.15405273438,3773.7503051757812,89687.90435791016,0.002661379673278841,101902.03857421876,-0.1198615296338025
2024-03-13 00:00:00-04:00,169.7453155517578,84872.6577758789,3773.7503051757812,88646.40808105469,-0.011612449686629445,101902.03857421876,-0.130082093338197
2024-03-14 00:00:00-04:00,171.60015869140625,85800.07934570312,3773.7503051757812,89573.8296508789,0.01046203213305863,101902.03857421876,-0.12098098424557815
2024-03-15 00:00:00-04:00,171.22320556640625,85611.60278320312,3773.7503051757812,89385.3530883789,-0.0021041476426161276,101902.03857421876,-0.12283057003539262
2024-03-18 00:00:00-04:00,172.31436157226562,86157.18078613281,3773.7503051757812,89930.9310913086,0.0061036622229400095,101902.03857421876,-0.11747662412259988
2024-03-19 00:00:00-04:00,174.65524291992188,87327.62145996094,3773.7503051757812,91101.37176513672,0.013014884418796502,101902.03857421876,-0.1059906843886695
2024-03-20 00:00:00-04:00,177.22430419921875,88612.15209960938,3773.7503051757812,92385.90240478516,0.014100014245230108,101902.03857421876,-0.09338514030318126
2024-03-21 00:00:00-04:00,169.9833526611328,84991.6763305664,3773.7503051757812,88765.42663574219,-0.03918861725439449,101902.03857421876,-0.12891412303698646
2024-03-22 00:00:00-04:00,170.8860321044922,85443.0160522461,3773.7503051757812,89216.76635742188,0.005084634173300406,101902.03857421876,-0.12448497001910093
2024-03-25 00:00:00-04:00,169.46759033203125,84733.79516601562,3773.7503051757812,88507.5454711914,-0.007949412595712912,101902.03857421876,-0.13144480022616709
2024-03-26 00:00:00-04:00,168.3367919921875,84168.39599609375,3773.7503051757812,87942.14630126953,-0.00638814653498565,101902.03857421876,-0.13699325811604607
2024-03-27 00:00:00-04:00,171.9076690673828,85953.8345336914,3773.7503051757812,89727.58483886719,0.020302421679375016,101902.03857421876,-0.11947213133017455
2024-03-28 00:00:00-04:00,170.0924530029297,85046.22650146484,3773.7503051757812,88819.97680664062,-0.010115150584476873,101902.03857421876,-0.12837880331559828
2024-04-01 00:00:00-04:00,168.6542205810547,84327.11029052734,3773.7503051757812,88100.86059570312,-0.008096334144547246,101902.03857421876,-0.13543573977142534
2024-04-02 00:00:00-04:00,167.4738311767578,83736.9155883789,3773.7503051757812,87510.66589355469,-0.0066990798745639735,101902.03857421876,-0.14122752480738984
2024-04-03 00:00:00-04:00,168.27728271484375,84138.64135742188,3773.7503051757812,87912.39166259766,0.004590592071732402,101902.03857421876,-0.1372852506913487
2024-04-04 00:00:00-04:00,167.45401000976562,83727.00500488281,3773.7503051757812,87500.7553100586,-0.004682347331863013,101902.03857421876,-0.14132478079593294
2024-04-05 00:00:00-04:00,168.2078399658203,84103.91998291016,3773.7503051757812,87877.67028808594,0.0043075625655086824,101902.03857421876,-0.13762598356575956
2024-04-08 00:00:00-04:00,167.08700561523438,83543.50280761719,3773.7503051757812,87317.25311279297,-0.006377242062241439,101902.03857421876,-0.1431255514167481
2024-04-09 00:00:00-04:00,168.29708862304688,84148.54431152344,3773.7503051757812,87922.29461669922,0.006929231994101892,101902.03857421876,-0.1371880695726967
2024-04-10 00:00:00-04:00,166.4224090576172,83211.2045288086,3773.7503051757812,86984.95483398438,-0.010661002272531861,101902.03857421876,-0.14638650952374974
2024-04-11 00:00:00-04:00,173.6236572265625,86811.82861328125,3773.7503051757812,90585.57891845703,0.0413936420539005,101902.03857421876,-0.11105233824659519
2024-04-12 00:00:00-04:00,175.1214599609375,87560.72998046875,3773.7503051757812,91334.48028564453,0.008267335442671664,101902.03857421876,-0.10370310973590108
2024-04-15 00:00:00-04:00,171.2926788330078,85646.3394165039,3773.7503051757812,89420.08972167969,-0.02096021741162457,101902.03857421876,-0.12248968742119956
2024-04-16 00:00:00-04:00,168.0094757080078,84004.7378540039,3773.7503051757812,87778.48815917969,-0.018358308156584124,101902.03857421876,-0.13859929215010167
2024-04-17 00:00:00-04:00,166.64064025878906,83320.32012939453,3773.7503051757812,87094.07043457031,-0.007797100849677774,101902.03857421876,-0.1453157203411912
2024-04-18 00:00:00-04:00,165.68836975097656,82844.18487548828,3773.7503051757812,86617.93518066406,-0.005466907810491528,101902.03857421876,-0.14998820050516226
2024-04-19 00:00:00-04:00,163.66490173339844,81832.45086669922,3773.7503051757812,85606.201171875,-0.011680421689559184,101902.03857421876,-0.15991669676436301
2024-04-22 00:00:00-04:00,164.4980926513672,82249.0463256836,3773.7503051757812,86022.79663085938,0.004866416839919729,101902.03857421876,-0.15582850123056166
2024-04-23 00:00:00-04:00,165.5495147705078,82774.7573852539,3773.7503051757812,86548.50769042969,0.006111299331806652,101902.03857421876,-0.15066951651420174
2024-04-24 00:00:00-04:00,167.65237426757812,83826.18713378906,3773.7503051757812,87599.93743896484,0.012148444572793293,101902.03857421876,-0.14035147221159083
2024-04-25 00:00:00-04:00,168.51535034179688,84257.67517089844,3773.7503051757812,88031.42547607422,0.004925666041828203,101902.03857421876,-0.13611713065035594
2024-04-26 00:00:00-04:00,167.93011474609375,83965.05737304688,3773.7503051757812,87738.80767822266,-0.0033240152169419224,101902.03857421876,-0.13898869045372964
2024-04-29 00:00:00-04:00,172.0961151123047,86048.05755615234,3773.7503051757812,89821.80786132812,0.02374092192755528,101902.03857421876,-0.11854748817504952
2024-04-30 00:00:00-04:00,168.95176696777344,84475.88348388672,3773.7503051757812,88249.6337890625,-0.01750325572040179,101902.03857421876,-0.13397577689491214
2024-05-01 00:00:00-04:00,167.93011474609375,83965.05737304688,3773.7503051757812,87738.80767822266,-0.00578842187675066,101902.03857421876,-0.13898869045372964
2024-05-02 00:00:00-04:00,171.62991333007812,85814.95666503906,3773.7503051757812,89588.70697021484,0.02108416265213675,101902.03857421876,-0.12083498795792684
2024-05-03 00:00:00-04:00,181.8961944580078,90948.0972290039,3773.7503051757812,94721.84753417969,0.05729673680491265,101902.03857421876,-0.0704617016548643
2024-05-06 00:00:00-04:00,180.2397003173828,90119.8501586914,3773.7503051757812,93893.60046386719,-0.008743991928721995,101902.03857421876,-0.07858957703303213
2024-05-07 00:00:00-04:00,180.9240875244141,90462.04376220705,3773.7503051757812,94235.79406738283,0.0036444827104837874,101902.03857421876,-0.07523151267726944
2024-05-08 00:00:00-04:00,181.2613677978516,90630.6838989258,3773.7503051757812,94404.43420410158,0.0017895550028279583,101902.03857421876,-0.0735765886043234
2024-05-09 00:00:00-04:00,183.0765686035156,91538.2843017578,3773.7503051757812,95312.03460693358,0.00961395945522825,101902.03857421876,-0.06466999148879106
2024-05-10 00:00:00-04:00,181.8151397705078,90907.5698852539,3773.7503051757812,94681.32019042969,-0.006617363894338757,101902.03857421876,-0.07085941051640472
2024-05-13 00:00:00-04:00,185.0233154296875,92511.65771484375,3773.7503051757812,96285.40802001953,0.016941967289467286,101902.03857421876,-0.05511794104205725
2024-05-14 00:00:00-04:00,186.1655731201172,93082.7865600586,3773.7503051757812,96856.53686523438,0.005931624084680509,101902.03857421876,-0.04951325586395975
2024-05-15 00:00:00-04:00,188.4401397705078,94220.0698852539,3773.7503051757812,97993.82019042969,0.011741936703536293,101902.03857421876,-0.03835270067676406
2024-05-16 00:00:00-04:00,188.559326171875,94279.6630859375,3773.7503051757812,98053.41339111328,0.0006081322329081207,101902.03857421876,-0.03776789195735664
2024-05-17 00:00:00-04:00,188.589111328125,94294.5556640625,3773.7503051757812,98068.30596923828,0.0001518823017980786,101902.03857421876,-0.037621745929923116
2024-05-20 00:00:00-04:00,189.751220703125,94875.6103515625,3773.7503051757812,98649.36065673828,0.005924999741325765,101902.03857421876,-0.0319196550235003
2024-05-21 00:00:00-04:00,191.05239868164065,95526.19934082033,3773.7503051757812,99299.94964599611,0.00659496407200888,101902.03857421876,-0.025535199929562404
2024-05-22 00:00:00-04:00,189.61215209960935,94806.07604980467,3773.7503051757812,98579.82635498045,-0.0072520005657896736,101902.03857421876,-0.03260201921101538
2024-05-23 00:00:00-04:00,185.61929321289065,92809.64660644533,3773.7503051757812,96583.39691162111,-0.020251906674802922,101902.03857421876,-0.052193672835346726
2024-05-24 00:00:00-04:00,188.6983795166016,94349.1897583008,3773.7503051757812,98122.94006347658,0.01594003939687716,101902.03857421876,-0.037085602639732665
2024-05-28 00:00:00-04:00,188.70831298828125,94354.15649414062,3773.7503051757812,98127.9067993164,5.06174788139635e-05,101902.03857421876,-0.0370368623406246
2024-05-29 00:00:00-04:00,189.00628662109372,94503.14331054686,3773.7503051757812,98276.89361572264,0.001518292005463051,101902.03857421876,-0.03557480310716066
2024-05-30 00:00:00-04:00,189.99954223632807,94999.77111816403,3773.7503051757812,98773.52142333981,0.00505335271950158,101902.03857421876,-0.030701222415686444
2024-05-31 00:00:00-04:00,190.9530487060547,95476.52435302734,3773.7503051757812,99250.27465820312,0.004826731172415721,101902.03857421876,-0.026022677790535746
2024-06-03 00:00:00-04:00,192.72103881835935,96360.51940917967,3773.7503051757812,100134.26971435545,0.008906726547575072,101902.03857421876,-0.01734772811807669
2024-06-04 00:00:00-04:00,193.0388946533203,96519.44732666016,3773.7503051757812,100293.19763183594,0.001587148115563597,101902.03857421876,-0.015788113416504938
2024-06-05 00:00:00-04:00,194.54864501953125,97274.32250976562,3773.7503051757812,101048.0728149414,0.0075266837724778934,101902.03857421876,-0.008380261781076986
2024-06-06 00:00:00-04:00,193.1680145263672,96584.0072631836,3773.7503051757812,100357.75756835938,-0.0068315528178976015,101902.03857421876,-0.015154564397989316
2024-06-07 00:00:00-04:00,195.56173706054688,97780.86853027344,3773.7503051757812,101554.61883544922,0.011925946694002043,101902.03857421876,-0.003409350231168418
2024-06-10 00:00:00-04:00,191.81716918945312,95908.58459472656,3773.7503051757812,99682.33489990234,-0.01843622630872721,101902.03857421876,-0.021782720987468116
2024-06-11 00:00:00-04:00,205.75254821777344,102876.27410888672,3773.7503051757812,106650.0244140625,0.06989893967829786,106650.0244140625,0.0
2024-06-12 00:00:00-04:00,211.6326141357422,105816.3070678711,3773.7503051757812,109590.05737304688,0.027567110041811782,109590.05737304688,0.0
2024-06-13 00:00:00-04:00,212.79470825195312,106397.35412597656,3773.7503051757812,110171.10443115234,0.005302005236912821,110171.10443115234,0.0
2024-06-14 00:00:00-04:00,211.0565185546875,105528.25927734375,3773.7503051757812,109302.00958251953,-0.007888591596863948,110171.10443115234,-0.00788859159686398
2024-06-17 00:00:00-04:00,215.2083282470703,107604.16412353516,3773.7503051757812,111377.91442871094,0.018992375841216047,111377.91442871094,0.0
2024-06-18 00:00:00-04:00,212.8443603515625,106422.18017578125,3773.7503051757812,110195.93048095703,-0.010612372783389223,111377.91442871094,-0.010612372783389227
2024-06-20 00:00:00-04:00,208.2654571533203,104132.72857666016,3773.7503051757812,107906.47888183594,-0.02077619009276155,111377.91442871094,-0.031168078201867778
2024-06-21 00:00:00-04:00,206.09027099609372,103045.13549804686,3773.7503051757812,106818.88580322264,-0.010079034084730654,111377.91442871094,-0.040932968164046284
2024-06-24 00:00:00-04:00,206.7358856201172,103367.9428100586,3773.7503051757812,107141.69311523438,0.0030220059831591595,111377.91442871094,-0.03803466185558734
2024-06-25 00:00:00-04:00,207.65960693359372,103829.80346679686,3773.7503051757812,107603.55377197264,0.004310746295949519,111377.91442871094,-0.0338878733373494
2024-06-26 00:00:00-04:00,211.8114013671875,105905.70068359375,3773.7503051757812,109679.45098876953,0.01929208789140935,111377.91442871094,-0.015249553276817126
2024-06-27 00:00:00-04:00,212.6556701660156,106327.8350830078,3773.7503051757812,110101.58538818358,0.0038488011711261816,111377.91442871094,-0.011459444604201952
2024-06-28 00:00:00-04:00,209.1991271972656,104599.5635986328,3773.7503051757812,108373.31390380858,-0.01569706265610671,111377.91442871094,-0.026976627640352316
2024-07-01 00:00:00-04:00,215.28778076171875,107643.89038085938,3773.7503051757812,111417.64068603516,0.02809111092541383,111417.64068603516,0.0
2024-07-02 00:00:00-04:00,218.78404235839844,109392.02117919922,3773.7503051757812,113165.771484375,0.015689892440515107,113165.771484375,0.0
2024-07-03 00:00:00-04:00,220.05538940429688,110027.69470214844,3773.7503051757812,113801.44500732422,0.00561718896633856,113801.44500732422,0.0
2024-07-05 00:00:00-04:00,224.8130645751953,112406.53228759766,3773.7503051757812,116180.28259277344,0.020903404041100915,116180.28259277344,0.0
2024-07-08 00:00:00-04:00,226.28309631347656,113141.54815673828,3773.7503051757812,116915.29846191406,0.006326511286919079,116915.29846191406,0.0
2024-07-09 00:00:00-04:00,227.1372833251953,113568.64166259766,3773.7503051757812,117342.39196777344,0.0036530164270889287,117342.39196777344,0.0
2024-07-10 00:00:00-04:00,231.4082794189453,115704.13970947266,3773.7503051757812,119477.89001464844,0.018198862415055306,119477.89001464844,0.0
2024-07-11 00:00:00-04:00,226.03477478027344,113017.38739013672,3773.7503051757812,116791.1376953125,-0.022487443651762917,119477.89001464844,-0.022487443651762945
2024-07-12 00:00:00-04:00,228.98475646972656,114492.37823486328,3773.7503051757812,118266.12854003906,0.012629304533144925,119477.89001464844,-0.010142139892668078
2024-07-15 00:00:00-04:00,232.81871032714844,116409.35516357422,3773.7503051757812,120183.10546875,0.016209010579575578,120183.10546875,0.0
2024-07-16 00:00:00-04:00,233.23587036132807,116617.93518066403,3773.7503051757812,120391.68548583981,0.0017355186178313886,120391.68548583981,0.0
2024-07-17 00:00:00-04:00,227.3359375,113667.96875,3773.7503051757812,117441.71905517578,-0.024503074433748995,120391.68548583981,-0.024503074433749012
2024-07-18 00:00:00-04:00,222.6676483154297,111333.82415771484,3773.7503051757812,115107.57446289062,-0.01987491847925471,120391.68548583981,-0.04389099630614188
2024-07-19 00:00:00-04:00,222.7967834472656,111398.3917236328,3773.7503051757812,115172.14202880858,0.0005609323818978051,120391.68548583981,-0.04335468380534589
2024-07-22 00:00:00-04:00,222.4491424560547,111224.57122802734,3773.7503051757812,114998.32153320312,-0.001509223433232454,120391.68548583981,-0.04479847533383893
2024-07-23 00:00:00-04:00,223.4920654296875,111746.03271484375,3773.7503051757812,115519.78302001953,0.004534513894325354,120391.68548583981,-0.04046710074835944
2024-07-24 00:00:00-04:00,217.0657196044922,108532.8598022461,3773.7503051757812,112306.61010742188,-0.027814914715004413,120391.68548583981,-0.06715642650728473
2024-07-25 00:00:00-04:00,216.0227813720703,108011.39068603516,3773.7503051757812,111785.14099121094,-0.004643262900662304,120391.68548583981,-0.0714878644642047
2024-07-26 00:00:00-04:00,216.4896240234375,108244.81201171875,3773.7503051757812,112018.56231689453,0.002088124804547453,120391.68548583981,-0.06954901524266899
2024-07-29 00:00:00-04:00,216.76773071289065,108383.86535644533,3773.7503051757812,112157.61566162111,0.0012413419869932163,120391.68548583981,-0.06839400736845053
2024-07-30 00:00:00-04:00,217.32394409179688,108661.97204589844,3773.7503051757812,112435.72235107422,0.0024796059350276067,120391.68548583981,-0.06608399162001397
2024-07-31 00:00:00-04:00,220.58181762695312,110290.90881347656,3773.7503051757812,114064.65911865234,0.014487715589996064,120391.68548583981,-0.05255368210566037
2024-08-01 00:00:00-04:00,216.8869171142578,108443.4585571289,3773.7503051757812,112217.20886230469,-0.016196517577156788,120391.68548583981,-0.06789901304684857
2024-08-02 00:00:00-04:00,218.37680053710935,109188.40026855467,3773.7503051757812,112962.15057373045,0.006638391018438661,120391.68548583981,-0.06171136222678106
2024-08-05 00:00:00-04:00,207.85824584960935,103929.12292480467,3773.7503051757812,107702.87322998045,-0.046557871968958886,120391.68548583981,-0.10539608449415544
2024-08-06 00:00:00-04:00,205.83200073242188,102916.00036621094,3773.7503051757812,106689.75067138672,-0.009406643743202547,120391.68548583981,-0.11381130481859301
2024-08-07 00:00:00-04:00,208.40451049804688,104202.25524902344,3773.7503051757812,107976.00555419922,0.012056030450143806,120391.68548583981,-0.10312738692491268
2024-08-08 00:00:00-04:00,211.87098693847656,105935.49346923828,3773.7503051757812,109709.24377441406,0.016052068339801995,120391.68548583981,-0.0887307264477346
2024-08-09 00:00:00-04:00,214.7812347412109,107390.61737060545,3773.7503051757812,111164.36767578124,0.013263457583931881,120391.68548583981,-0.0766441450904338
2024-08-12 00:00:00-04:00,216.3125915527344,108156.2957763672,3773.7503051757812,111930.04608154298,0.006887804264716468,120391.68548583981,-0.07028425069513683
2024-08-13 00:00:00-04:00,220.03167724609372,110015.83862304686,3773.7503051757812,113789.58892822264,0.016613437694155353,120391.68548583981,-0.054838476020785475
2024-08-14 00:00:00-04:00,220.47915649414065,110239.57824707033,3773.7503051757812,114013.32855224611,0.001966257424170781,120391.68548583981,-0.05298004515722071
2024-08-15 00:00:00-04:00,223.46237182617188,111731.18591308594,3773.7503051757812,115504.93621826172,0.013082748174763514,120391.68548583981,-0.040590421571536715
2024-08-16 00:00:00-04:00,224.78494262695312,112392.47131347656,3773.7503051757812,116166.22161865234,0.005725170040707495,120391.68548583981,-0.03509763859635024
2024-08-19 00:00:00-04:00,224.62582397460935,112312.91198730467,3773.7503051757812,116086.66229248045,-0.0006848748720869047,120391.68548583981,-0.03575847597769289
2024-08-20 00:00:00-04:00,225.24234008789065,112621.17004394533,3773.7503051757812,116394.92034912111,0.0026554132107270423,120391.68548583981,-0.03319801629647254
2024-08-21 00:00:00-04:00,225.1329803466797,112566.49017333984,3773.7503051757812,116340.24047851562,-0.0004697788395015001,120391.68548583981,-0.03365219941040456
2024-08-22 00:00:00-04:00,223.2734222412109,111636.71112060545,3773.7503051757812,115410.46142578124,-0.007991895572075025,120391.68548583981,-0.04137515011902096
2024-08-23 00:00:00-04:00,225.5705108642578,112785.2554321289,3773.7503051757812,116559.00573730469,0.009951821501572145,120391.68548583981,-0.031835086726034065
2024-08-26 00:00:00-04:00,225.90858459472656,112954.29229736328,3773.7503051757812,116728.04260253906,0.0014502256961195226,120391.68548583981,-0.03043102909072289
2024-08-27 00:00:00-04:00,226.7538299560547,113376.91497802734,3773.7503051757812,117150.66528320312,0.0036205754096563236,120391.68548583981,-0.026920631516683027
2024-08-28 00:00:00-04:00,225.22247314453125,112611.23657226562,3773.7503051757812,116384.9868774414,-0.00653584342786917,120391.68548583981,-0.033280525911979754
2024-08-29 00:00:00-04:00,228.5039978027344,114251.9989013672,3773.7503051757812,118025.74920654298,0.014097714603253486,120391.68548583981,-0.01965199066487949
2024-08-30 00:00:00-04:00,227.71841430664065,113859.20715332033,3773.7503051757812,117632.95745849611,-0.00332801740880706,120391.68548583981,-0.022914605906636146
2024-09-03 00:00:00-04:00,221.52330017089844,110761.65008544922,3773.7503051757812,114535.400390625,-0.026332391319533133,120391.68548583981,-0.04864360085650281
2024-09-04 00:00:00-04:00,219.6140289306641,109807.01446533205,3773.7503051757812,113580.76477050783,-0.00833485207945639,120391.68548583981,-0.05657301571820815
2024-09-05 00:00:00-04:00,221.13548278808597,110567.74139404298,3773.7503051757812,114341.49169921876,0.006697673943717453,120391.68548583981,-0.05025424938778401
2024-09-06 00:00:00-04:00,219.58419799804688,109792.09899902344,3773.7503051757812,113565.84930419922,-0.006783560223789231,120391.68548583981,-0.05669690688434987
2024-09-09 00:00:00-04:00,219.6737060546875,109836.85302734375,3773.7503051757812,113610.60333251953,0.0003940799861448241,120391.68548583981,-0.05632517001448458
2024-09-10 00:00:00-04:00,218.87815856933597,109439.07928466798,3773.7503051757812,113212.82958984376,-0.0035012026255291095,120391.68548583981,-0.05962916680687563
2024-09-11 00:00:00-04:00,221.4138946533203,110706.94732666016,3773.7503051757812,114480.69763183594,0.011198978477841237,120391.68548583981,-0.049097974084756156
2024-09-12 00:00:00-04:00,221.52330017089844,110761.65008544922,3773.7503051757812,114535.400390625,0.00047783390493472133,120391.68548583981,-0.04864360085650281
2024-09-13 00:00:00-04:00,221.2547912597656,110627.3956298828,3773.7503051757812,114401.14593505858,-0.001172165593419483,120391.68548583981,-0.04975874809465832
2024-09-16 00:00:00-04:00,215.10939025878903,107554.69512939452,3773.7503051757812,111328.4454345703,-0.02685900106483674,120391.68548583981,-0.07528127889143568
2024-09-17 00:00:00-04:00,215.5767364501953,107788.36822509766,3773.7503051757812,111562.11853027344,0.0020989522919412362,120391.68548583981,-0.07334033841236395
2024-09-18 00:00:00-04:00,219.45492553710935,109727.46276855467,3773.7503051757812,113501.21307373045,0.017381299037726894,120391.68548583981,-0.05723378972811043
2024-09-19 00:00:00-04:00,227.5891265869141,113794.56329345705,3773.7503051757812,117568.31359863283,0.0358331018212148,120391.68548583981,-0.02345155212183707
2024-09-20 00:00:00-04:00,226.9228973388672,113461.4486694336,3773.7503051757812,117235.19897460938,-0.002833370776761157,120391.68548583981,-0.026218475956146476
2024-09-23 00:00:00-04:00,225.2025604248047,112601.28021240234,3773.7503051757812,116375.03051757812,-0.0073371177304654145,120391.68548583981,-0.03336322564180829
2024-09-24 00:00:00-04:00,226.09754943847656,113048.77471923828,3773.7503051757812,116822.52502441406,0.0038452793940908503,120391.68548583981,-0.029646237171798283
2024-09-25 00:00:00-04:00,225.1031188964844,112551.5594482422,3773.7503051757812,116325.30975341798,-0.004256159254323322,120391.68548583981,-0.033776217319427
2024-09-26 00:00:00-04:00,226.2467041015625,113123.35205078125,3773.7503051757812,116897.10235595703,0.004915461680275124,120391.68548583981,-0.02902678134109027
2024-09-27 00:00:00-04:00,226.5151824951172,113257.5912475586,3773.7503051757812,117031.34155273438,0.0011483535012577484,120391.68548583981,-0.027911760845815845
2024-09-30 00:00:00-04:00,231.69602966308597,115848.01483154298,3773.7503051757812,119621.76513671876,0.022134443215086508,120391.68548583981,-0.006395128916204153
2024-10-01 00:00:00-04:00,224.9440460205078,112472.0230102539,3773.7503051757812,116245.77331542969,-0.02822222040805511,120391.68548583981,-0.0344368645864482
2024-10-02 00:00:00-04:00,225.5108184814453,112755.40924072266,3773.7503051757812,116529.15954589844,0.002437819650438211,120391.68548583981,-0.032082995801198236
2024-10-03 00:00:00-04:00,224.4070587158203,112203.52935791016,3773.7503051757812,115977.27966308594,-0.004735980976462217,120391.68548583981,-0.036667032319878015
2024-10-04 00:00:00-04:00,225.5307464599609,112765.37322998045,3773.7503051757812,116539.12353515624,0.004844430510031472,120391.68548583981,-0.03200023269992933
2024-10-07 00:00:00-04:00,220.44932556152344,110224.66278076172,3773.7503051757812,113998.4130859375,-0.021801351959303883,120391.68548583981,-0.05310393632336243
2024-10-08 00:00:00-04:00,224.5064849853516,112253.2424926758,3773.7503051757812,116026.99279785158,0.01779480658546384,120391.68548583981,-0.03625410401369954
2024-10-09 00:00:00-04:00,228.25540161132807,114127.70080566403,3773.7503051757812,117901.45111083981,0.016155364090613133,120391.68548583981,-0.0206844381732067
2024-10-10 00:00:00-04:00,227.75819396972656,113879.09698486328,3773.7503051757812,117652.84729003906,-0.002108573036705308,120391.68548583981,-0.022749396561300636
2024-10-11 00:00:00-04:00,226.2765350341797,113138.26751708984,3773.7503051757812,116912.01782226562,-0.006296740664058387,120391.68548583981,-0.028902890174948667
2024-10-14 00:00:00-04:00,230.00555419921875,115002.77709960938,3773.7503051757812,118776.52740478516,0.015947971964302532,120391.68548583981,-0.013415860692843522
2024-10-15 00:00:00-04:00,232.5412750244141,116270.63751220705,3773.7503051757812,120044.38781738283,0.010674334738520086,120391.68548583981,-0.0028847313421642884
2024-10-16 00:00:00-04:00,230.48284912109372,115241.42456054686,3773.7503051757812,119015.17486572264,-0.008573603234379168,120391.68548583981,-0.011433602034578001
2024-10-17 00:00:00-04:00,230.8507843017578,115425.3921508789,3773.7503051757812,119199.14245605469,0.0015457490235140092,120391.68548583981,-0.00990552649024414
2024-10-18 00:00:00-04:00,233.68484497070312,116842.42248535156,3773.7503051757812,120616.17279052734,0.01188792390008242,120616.17279052734,0.0
2024-10-21 00:00:00-04:00,235.15655517578125,117578.27758789062,3773.7503051757812,121352.0278930664,0.006100799631712839,121352.0278930664,0.0
2024-10-22 00:00:00-04:00,234.5400390625,117270.01953125,3773.7503051757812,121043.76983642578,-0.002540196995407862,121352.0278930664,-0.002540196995407917
2024-10-23 00:00:00-04:00,229.46856689453125,114734.28344726562,3773.7503051757812,118508.0337524414,-0.020948918621843005,121352.0278930664,-0.023435901237110642
2024-10-24 00:00:00-04:00,229.27963256835935,114639.81628417967,3773.7503051757812,118413.56658935545,-0.0007971372074512262,121352.0278930664,-0.024214356815695576
2024-10-25 00:00:00-04:00,230.1149444580078,115057.4722290039,3773.7503051757812,118831.22253417969,0.0035270953899446678,121352.0278930664,-0.020772667772045925
2024-10-28 00:00:00-04:00,232.09378051757807,116046.89025878903,3773.7503051757812,119820.64056396481,0.008326246323861142,121352.0278930664,-0.012619379796858666
2024-10-29 00:00:00-04:00,232.36227416992188,116181.13708496094,3773.7503051757812,119954.88739013672,0.0011203981679619446,121352.0278930664,-0.011513120358901846
2024-10-30 00:00:00-04:00,228.8122711181641,114406.13555908205,3773.7503051757812,118179.88586425783,-0.01479724223412382,121352.0278930664,-0.026140000162204323
2024-10-31 00:00:00-04:00,224.6457061767578,112322.8530883789,3773.7503051757812,116096.60339355469,-0.01762806297762054,121352.0278930664,-0.043307265570730474
2024-11-01 00:00:00-04:00,221.6625213623047,110831.26068115234,3773.7503051757812,114605.01098632812,-0.012847855696262123,121352.0278930664,-0.05559871576834012
2024-11-04 00:00:00-05:00,220.76751708984372,110383.75854492186,3773.7503051757812,114157.50885009764,-0.0039047344647422655,121352.0278930664,-0.05928635201142635
2024-11-05 00:00:00-05:00,222.199462890625,111099.7314453125,3773.7503051757812,114873.48175048828,0.006271798566757525,121352.0278930664,-0.05338638550224248
2024-11-06 00:00:00-05:00,221.4735565185547,110736.77825927734,3773.7503051757812,114510.52856445312,-0.0031595907123587175,121352.0278930664,-0.05637729708680195
2024-11-07 00:00:00-05:00,226.2069091796875,113103.45458984375,3773.7503051757812,116877.20489501953,0.020667761822741992,121352.0278930664,-0.03687472781245998
2024-11-08 00:00:00-05:00,225.93814086914065,112969.07043457033,3773.7503051757812,116742.82073974611,-0.0011497892629630524,121352.0278930664,-0.037982118909309553
2024-11-11 00:00:00-05:00,223.22044372558597,111610.22186279298,3773.7503051757812,115383.97216796876,-0.011639675683411954,121352.0278930664,-0.04917969504684836
2024-11-12 00:00:00-05:00,223.22044372558597,111610.22186279298,3773.7503051757812,115383.97216796876,0.0,121352.0278930664,-0.04917969504684836
2024-11-13 00:00:00-05:00,224.10641479492188,112053.20739746094,3773.7503051757812,115826.95770263672,0.0038392293690763246,121352.0278930664,-0.04552927780735808
2024-11-14 00:00:00-05:00,227.1924591064453,113596.22955322266,3773.7503051757812,117369.97985839844,0.013321787832182741,121352.0278930664,-0.03281402135427757
2024-11-15 00:00:00-05:00,223.9869537353516,111993.4768676758,3773.7503051757812,115767.22717285158,-0.013655559006489626,121352.0278930664,-0.04602148655592366
2024-11-18 00:00:00-05:00,226.9933624267578,113496.6812133789,3773.7503051757812,117270.43151855469,0.01298471408889057,121352.0278930664,-0.03363434831190757
2024-11-19 00:00:00-05:00,227.252197265625,113626.0986328125,3773.7503051757812,117399.84893798828,0.0011035809944395236,121352.0278930664,-0.03256788554502547
2024-11-20 00:00:00-05:00,227.9689483642578,113984.4741821289,3773.7503051757812,117758.22448730469,0.003052606562600424,121352.0278930664,-0.02961469592356977
2024-11-21 00:00:00-05:00,227.49110412597656,113745.55206298828,3773.7503051757812,117519.30236816406,-0.002028920868846651,121352.0278930664,-0.03158353091783257
2024-11-22 00:00:00-05:00,228.8350372314453,114417.51861572266,3773.7503051757812,118191.26892089844,0.005717924963758225,121352.0278930664,-0.026046198213953067
2024-11-25 00:00:00-05:00,231.82151794433597,115910.75897216798,3773.7503051757812,119684.50927734376,0.012634100387268976,121352.0278930664,-0.01374116810962594
2024-11-26 00:00:00-05:00,234.0016632080078,117000.8316040039,3773.7503051757812,120774.58190917969,0.009107884039612157,121352.0278930664,-0.004758437035725151
2024-11-27 00:00:00-05:00,233.87225341796875,116936.12670898438,3773.7503051757812,120709.87701416016,-0.0005357492776765227,121352.0278930664,-0.005291636984196949
2024-11-29 00:00:00-05:00,236.26144409179688,118130.72204589844,3773.7503051757812,121904.47235107422,0.009896417480186104,121904.47235107422,0.0
2024-12-02 00:00:00-05:00,238.51126098632807,119255.63049316403,3773.7503051757812,123029.38079833981,0.00922778652473033,123029.38079833981,0.0
2024-12-03 00:00:00-05:00,241.5574951171875,120778.74755859375,3773.7503051757812,124552.49786376953,0.012380108357419761,124552.49786376953,0.0
2024-12-04 00:00:00-05:00,241.91586303710935,120957.93151855467,3773.7503051757812,124731.68182373045,0.0014386219709290327,124731.68182373045,0.0
2024-12-05 00:00:00-05:00,241.94573974609372,120972.86987304686,3773.7503051757812,124746.62017822264,0.00011976391461865354,124746.62017822264,0.0
2024-12-06 00:00:00-05:00,241.74664306640625,120873.32153320312,3773.7503051757812,124647.0718383789,-0.0007980043042570273,124746.62017822264,-0.0007980043042570053
2024-12-09 00:00:00-05:00,245.63902282714844,122819.51141357422,3773.7503051757812,126593.26171875,0.015613602884266609,126593.26171875,0.0
2024-12-10 00:00:00-05:00,246.65444946289065,123327.22473144533,3773.7503051757812,127100.97503662111,0.004010587222241568,127100.97503662111,0.0
2024-12-11 00:00:00-05:00,245.3802032470703,122690.10162353516,3773.7503051757812,126463.85192871094,-0.005012731867136355,127100.97503662111,-0.005012731867136338
2024-12-12 00:00:00-05:00,246.84361267089844,123421.80633544922,3773.7503051757812,127195.556640625,0.0057858803188006735,127195.556640625,0.0
2024-12-13 00:00:00-05:00,247.0128173828125,123506.40869140625,3773.7503051757812,127280.15899658203,0.0006651360958784824,127280.15899658203,0.0
2024-12-16 00:00:00-05:00,249.9097137451172,124954.8568725586,3773.7503051757812,128728.60717773438,0.011379999778215577,128728.60717773438,0.0
2024-12-17 00:00:00-05:00,252.33872985839844,126169.36492919922,3773.7503051757812,129943.115234375,0.009434639924005062,129943.115234375,0.0
2024-12-18 00:00:00-05:00,246.9331817626953,123466.59088134766,3773.7503051757812,127240.34118652344,-0.020799671017403543,129943.115234375,-0.020799671017403574
2024-12-19 00:00:00-05:00,248.66534423828125,124332.67211914062,3773.7503051757812,128106.4224243164,0.006806656047262383,129943.115234375,-0.014134591176652944
2024-12-20 00:00:00-05:00,253.3441925048828,126672.0962524414,3773.7503051757812,130445.84655761719,0.018261567913840482,130445.84655761719,0.0
2024-12-23 00:00:00-05:00,254.1206970214844,127060.3485107422,3773.7503051757812,130834.09881591798,0.0029763481823801285,130834.09881591798,0.0
2024-12-24 00:00:00-05:00,257.0374755859375,128518.73779296875,3773.7503051757812,132292.48809814453,0.011146859231846662,132292.48809814453,0.0
2024-12-26 00:00:00-05:00,257.853759765625,128926.8798828125,3773.7503051757812,132700.63018798828,0.003085149396698572,132700.63018798828,0.0
2024-12-27 00:00:00-05:00,254.4392242431641,127219.61212158205,3773.7503051757812,130993.36242675783,-0.012865558805650545,132700.63018798828,-0.012865558805650584
2024-12-30 00:00:00-05:00,251.0644989013672,125532.2494506836,3773.7503051757812,129305.99975585938,-0.012881283750861061,132700.63018798828,-0.025581117642922688
2024-12-31 00:00:00-05:00,249.29251098632807,124646.25549316403,3773.7503051757812,128420.00579833981,-0.006851916842160355,132700.63018798828,-0.03225775479426425
2025-01-02 00:00:00-05:00,242.75210571289065,121376.05285644533,3773.7503051757812,125149.80316162111,-0.02546490024189818,132700.63018798828,-0.05690121452829886
2025-01-03 00:00:00-05:00,242.2642974853516,121132.1487426758,3773.7503051757812,124905.89904785158,-0.001948897302335717,132700.63018798828,-0.058739217207140766
2025-01-06 00:00:00-05:00,243.89691162109372,121948.45581054686,3773.7503051757812,125722.20611572264,0.00653537642412183,132700.63018798828,-0.0525877236783259
2025-01-07 00:00:00-05:00,241.11949157714844,120559.74578857422,3773.7503051757812,124333.49609375,-0.01104586106844474,132700.63018798828,-0.06305270805711405
2025-01-08 00:00:00-05:00,241.60726928710935,120803.63464355467,3773.7503051757812,124577.38494873045,0.0019615699923418717,132700.63018798828,-0.06121482036483292
2025-01-10 00:00:00-05:00,235.7836151123047,117891.80755615234,3773.7503051757812,121665.55786132812,-0.023373641119539323,132700.63018798828,-0.0831576482419676
2025-01-13 00:00:00-05:00,233.3446502685547,116672.32513427734,3773.7503051757812,120446.07543945312,-0.010023234539925707,132700.63018798828,-0.09234737416977547
2025-01-14 00:00:00-05:00,232.22967529296875,116114.83764648438,3773.7503051757812,119888.58795166016,-0.004628523476243984,132700.63018798828,-0.0965484656567052
2025-01-15 00:00:00-05:00,236.79901123046875,118399.50561523438,3773.7503051757812,122173.25592041016,0.019056592522977978,132700.63018798828,-0.07933175790246576
2025-01-16 00:00:00-05:00,227.2322998046875,113616.14990234375,3773.7503051757812,117389.90020751953,-0.03915223243298638,132700.63018798828,-0.11537797491073737
2025-01-17 00:00:00-05:00,228.9445343017578,114472.2671508789,3773.7503051757812,118246.01745605469,0.007292937867923399,132700.63018798828,-0.1089264814451649
2025-01-21 00:00:00-05:00,221.63758850097656,110818.79425048828,3773.7503051757812,114592.54455566406,-0.030897217335445704,132700.63018798828,-0.1364581736098139
2025-01-22 00:00:00-05:00,222.8222198486328,111411.1099243164,3773.7503051757812,115184.86022949219,0.005168884905425886,132700.63018798828,-0.1319946252981817
2025-01-23 00:00:00-05:00,222.65301513671875,111326.50756835938,3773.7503051757812,115100.25787353516,-0.0007344919791408833,132700.63018798828,-0.1326321682837514
2025-01-24 00:00:00-05:00,221.7769470214844,110888.4735107422,3773.7503051757812,114662.22381591798,-0.003805673989874636,132700.63018798828,-0.13593308748056787
2025-01-27 00:00:00-05:00,228.82508850097656,114412.54425048828,3773.7503051757812,118186.29455566406,0.030734365883254844,132700.63018798828,-0.10937653884358131
2025-01-28 00:00:00-05:00,237.18724060058597,118593.62030029298,3773.7503051757812,122367.37060546876,0.03537699583123377,132700.63018798828,-0.07786895637105164
2025-01-29 00:00:00-05:00,238.2823181152344,119141.1590576172,3773.7503051757812,122914.90936279298,0.004474548685773128,132700.63018798828,-0.07374283612167108
2025-01-30 00:00:00-05:00,236.5202789306641,118260.13946533205,3773.7503051757812,122033.88977050783,-0.007167719496784186,132700.63018798828,-0.08038198765423783
2025-01-31 00:00:00-05:00,234.93743896484372,117468.71948242186,3773.7503051757812,121242.46978759764,-0.0064852475357337624,132700.63018798828,-0.08634593810261952
2025-02-03 00:00:00-05:00,226.98341369628903,113491.70684814452,3773.7503051757812,117265.4571533203,-0.03280214137211657,132700.63018798828,-0.11631574780618589
2025-02-04 00:00:00-05:00,231.7518615722656,115875.9307861328,3773.7503051757812,119649.68109130858,0.020331852157204233,132700.63018798828,-0.09834881023693164
2025-02-05 00:00:00-05:00,231.42333984375,115711.669921875,3773.7503051757812,119485.42022705078,-0.001372848324873055,132700.63018798828,-0.09958664056241767
2025-02-06 00:00:00-05:00,232.16995239257807,116084.97619628903,3773.7503051757812,119858.72650146481,0.0031242830606836858,132700.63018798828,-0.09677349435591363
2025-02-07 00:00:00-05:00,226.60513305664065,113302.56652832033,3773.7503051757812,117076.31683349611,-0.023214076681639884,132700.63018798828,-0.11774106371882509
2025-02-10 00:00:00-05:00,226.8741912841797,113437.09564208984,3773.7503051757812,117210.84594726562,0.0011490719678246553,132700.63018798828,-0.11672728470678169
2025-02-11 00:00:00-05:00,231.82725524902344,115913.62762451172,3773.7503051757812,119687.3779296875,0.021128863650861307,132700.63018798828,-0.09806473593882531
2025-02-12 00:00:00-05:00,236.06277465820312,118031.38732910156,3773.7503051757812,121805.13763427734,0.0176940939071617,132700.63018798828,-0.0821058086783462
2025-02-13 00:00:00-05:00,240.70689392089844,120353.44696044922,3773.7503051757812,124127.197265625,0.019063724867826926,132700.63018798828,-0.06460732635721368
2025-02-14 00:00:00-05:00,243.7664337158203,121883.21685791016,3773.7503051757812,125656.96716308594,0.012324212027339243,132700.63018798828,-0.05307934871842016
2025-02-18 00:00:00-05:00,243.6368865966797,121818.44329833984,3773.7503051757812,125592.19360351562,-0.0005154792530226437,132700.63018798828,-0.053567466668414464
2025-02-19 00:00:00-05:00,244.03550720214844,122017.75360107422,3773.7503051757812,125791.50390625,0.0015869641019534697,132700.63018798828,-0.05206551221309631
2025-02-20 00:00:00-05:00,244.9922637939453,122496.13189697266,3773.7503051757812,126269.88220214844,0.0038029459943094146,132700.63018798828,-0.04846056854989931
2025-02-21 00:00:00-05:00,244.71319580078125,122356.59790039062,3773.7503051757812,126130.3482055664,-0.0011050457492203236,132700.63018798828,-0.049512063153838735
2025-02-24 00:00:00-05:00,246.25791931152344,123128.95965576172,3773.7503051757812,126902.7099609375,0.0061235203609546485,132700.63018798828,-0.04369173091971943
2025-02-25 00:00:00-05:00,246.1981201171875,123099.06005859375,3773.7503051757812,126872.81036376953,-0.0002356103914342711,132700.63018798828,-0.043917047085329286
2025-02-26 00:00:00-05:00,239.5408935546875,119770.44677734375,3773.7503051757812,123544.19708251953,-0.026235828399372663,132700.63018798828,-0.06900067537356402
2025-02-27 00:00:00-05:00,236.49131774902344,118245.65887451172,3773.7503051757812,122019.4091796875,-0.01234204389068616,132700.63018798828,-0.08049110990030263
2025-02-28 00:00:00-05:00,241.01583862304688,120507.91931152344,3773.7503051757812,124281.66961669922,0.018540168750369013,132700.63018798828,-0.06344325991038982
2025-03-03 00:00:00-05:00,237.21881103515625,118609.40551757812,3773.7503051757812,122383.1558227539,-0.015275895470350354,132700.63018798828,-0.07775000277405078
2025-03-04 00:00:00-05:00,235.1259765625,117562.98828125,3773.7503051757812,121336.73858642578,-0.008550337089228477,132700.63018798828,-0.0856355511308727
2025-03-05 00:00:00-05:00,234.93663024902344,117468.31512451172,3773.7503051757812,121242.0654296875,-0.0007802513718534465,132700.63018798828,-0.08634898524647686
2025-03-06 00:00:00-05:00,234.5280303955078,117264.0151977539,3773.7503051757812,121037.76550292969,-0.0016850581193397218,132700.63018798828,-0.08788854030713025
2025-03-07 00:00:00-05:00,238.2552947998047,119127.64739990234,3773.7503051757812,122901.39770507812,0.015397113408404106,132700.63018798828,-0.07384465672113408
2025-03-10 00:00:00-04:00,226.70477294921875,113352.38647460938,3773.7503051757812,117126.13677978516,-0.046991010949701706,132700.63018798828,-0.117365632598276
2025-03-11 00:00:00-04:00,220.08740234375,110043.701171875,3773.7503051757812,113817.45147705078,-0.028248906637766136,132700.63018798828,-0.14229908843829106
2025-03-12 00:00:00-04:00,216.2405548095703,108120.27740478516,3773.7503051757812,111894.02770996094,-0.016899199043106883,132700.63018798828,-0.1567935468622266
2025-03-13 00:00:00-04:00,208.9654235839844,104482.7117919922,3773.7503051757812,108256.46209716798,-0.03250902382584564,132700.63018798828,-0.18420536553738928
2025-03-14 00:00:00-04:00,212.762451171875,106381.2255859375,3773.7503051757812,110154.97589111328,0.01753718676157412,132700.63018798828,-0.16989862267372846
2025-03-17 00:00:00-04:00,213.27072143554688,106635.36071777344,3773.7503051757812,110409.11102294922,0.002307069015993868,132700.63018798828,-0.16798352150596518
2025-03-18 00:00:00-04:00,211.96519470214844,105982.59735107422,3773.7503051757812,109756.34765625,-0.005912223734538924,132700.63018798828,-0.17290258907764508
2025-03-19 00:00:00-04:00,214.5064849853516,107253.2424926758,3773.7503051757812,111026.99279785158,0.01157696268812769,132700.63018798828,-0.16332731321194996
2025-03-20 00:00:00-04:00,213.37039184570312,106685.19592285156,3773.7503051757812,110458.94622802734,-0.005116292493470342,132700.63018798828,-0.16760797539885533
2025-03-21 00:00:00-04:00,217.52618408203125,108763.09204101562,3773.7503051757812,112536.8423461914,0.018811478735950793,132700.63018798828,-0.15194945052809591
2025-03-24 00:00:00-04:00,219.977783203125,109988.8916015625,3773.7503051757812,113762.64190673828,0.010892428959184741,132700.63018798828,-0.1427121201641755
2025-03-25 00:00:00-04:00,222.9875030517578,111493.7515258789,3773.7503051757812,115267.50183105469,0.013228067659944776,132700.63018798828,-0.1313718580856566
2025-03-26 00:00:00-04:00,220.77505493164065,110387.52746582033,3773.7503051757812,114161.27777099611,-0.00959701600612417,132700.63018798828,-0.13970809626697844
2025-03-27 00:00:00-04:00,223.087158203125,111543.5791015625,3773.7503051757812,115317.32940673828,0.010126477719189397,132700.63018798828,-0.13099636947182705
2025-03-28 00:00:00-04:00,217.1574249267578,108578.7124633789,3773.7503051757812,112352.46276855469,-0.025710503819648345,132700.63018798828,-0.15333889063380995
2025-03-31 00:00:00-04:00,221.37301635742188,110686.50817871094,3773.7503051757812,114460.25848388672,0.018760565308426624,132700.63018798828,-0.13745504959744068
2025-04-01 00:00:00-04:00,222.42941284179688,111214.70642089844,3773.7503051757812,114988.45672607422,0.004614686784599975,132700.63018798828,-0.13347467481369446
2025-04-02 00:00:00-04:00,223.1270294189453,111563.51470947266,3773.7503051757812,115337.26501464844,0.003033420036283818,132700.63018798828,-0.13084613953032703
2025-04-03 00:00:00-04:00,202.4975433349609,101248.77166748045,3773.7503051757812,105022.52197265624,-0.08943113954264625,132700.63018798828,-0.2085755597100201
2025-04-04 00:00:00-04:00,187.738037109375,93869.0185546875,3773.7503051757812,97642.76885986328,-0.07026829078351737,132700.63018798828,-0.2641876024134989
2025-04-07 00:00:00-04:00,180.84161376953125,90420.80688476562,3773.7503051757812,94194.5571899414,-0.03531456256500409,132700.63018798828,-0.29017249536417306
2025-04-08 00:00:00-04:00,171.8323974609375,85916.19873046875,3773.7503051757812,89689.94903564453,-0.04782238261615712,132700.63018798828,-0.3241181378823397
2025-04-09 00:00:00-04:00,198.1723480224609,99086.17401123045,3773.7503051757812,102859.92431640624,0.14683892032905166,132700.63018798828,-0.2248723749789935
2025-04-10 00:00:00-04:00,189.7710723876953,94885.53619384766,3773.7503051757812,98659.28649902344,-0.04083842998426934,132700.63018798828,-0.25652737022228683
2025-04-11 00:00:00-04:00,197.47471618652344,98737.35809326172,3773.7503051757812,102511.1083984375,0.03904165574370122,132700.63018798828,-0.22750096775564113
2025-04-14 00:00:00-04:00,201.8298492431641,100914.92462158205,3773.7503051757812,104688.67492675783,0.02124224937512742,132700.63018798828,-0.21109135067066187
2025-04-15 00:00:00-04:00,201.4511260986328,100725.5630493164,3773.7503051757812,104499.31335449219,-0.0018088066583908935,132700.63018798828,-0.21251833388843094
2025-04-16 00:00:00-04:00,193.6079559326172,96803.9779663086,3773.7503051757812,100577.72827148438,-0.0375273765647115,132700.63018798828,-0.2420704549104062
2025-04-17 00:00:00-04:00,196.3087158203125,98154.35791015625,3773.7503051757812,101928.10821533203,0.013426232298691776,132700.63018798828,-0.2318943167719915
2025-04-21 00:00:00-04:00,192.50173950195312,96250.86975097656,3773.7503051757812,100024.62005615234,-0.018674811026202942,132700.63018798828,-0.24623854525442704
2025-04-22 00:00:00-04:00,199.059326171875,99529.6630859375,3773.7503051757812,103303.41339111328,0.03277986292894952,132700.63018798828,-0.2215303480867415
2025-04-23 00:00:00-04:00,203.9027557373047,101951.37786865234,3773.7503051757812,105725.12817382812,0.023442737303810857,132700.63018798828,-0.2032808885379499
2025-04-24 00:00:00-04:00,207.65989685058597,103829.94842529298,3773.7503051757812,107603.69873046876,0.017768439623473187,132700.63018798828,-0.18912443310906918
2025-04-25 00:00:00-04:00,208.5668029785156,104283.4014892578,3773.7503051757812,108057.15179443358,0.004214102947340592,132700.63018798828,-0.18570731999270768
2025-04-28 00:00:00-04:00,209.4238739013672,104711.9369506836,3773.7503051757812,108485.68725585938,0.003965822292272048,132700.63018798828,-0.18247797992990075
2025-04-29 00:00:00-04:00,210.490234375,105245.1171875,3773.7503051757812,109018.86749267578,0.0049147518931129675,132700.63018798828,-0.17846006203409961
2025-04-30 00:00:00-04:00,211.7758331298828,105887.9165649414,3773.7503051757812,109661.66687011719,0.005896221380987887,132700.63018798828,-0.17361608068652956
2025-05-01 00:00:00-04:00,212.59304809570312,106296.52404785156,3773.7503051757812,110070.27435302734,0.003726073974364308,132700.63018798828,-0.17053691307194244
2025-05-02 00:00:00-04:00,204.65020751953125,102325.10375976562,3773.7503051757812,106098.8540649414,-0.036080770320862876,132700.63018798828,-0.20046458020102756
2025-05-05 00:00:00-04:00,198.21221923828125,99106.10961914062,3773.7503051757812,102879.8599243164,-0.030339575002899744,132700.63018798828,-0.22472214503749338
2025-05-06 00:00:00-04:00,197.83351135253903,98916.75567626952,3773.7503051757812,102690.5059814453,-0.0018405346100821562,132700.63018798828,-0.22614907076198212
2025-05-07 00:00:00-04:00,195.58120727539065,97790.60363769533,3773.7503051757812,101564.35394287111,-0.010966466936852659,132700.63018798828,-0.23463548139152354
2025-05-08 00:00:00-04:00,196.8169860839844,98408.4930419922,3773.7503051757812,102182.24334716798,0.006083723081076631,132700.63018798828,-0.2299792156042281
2025-05-09 00:00:00-04:00,197.8534393310547,98926.71966552734,3773.7503051757812,102700.46997070312,0.005071591761539596,132700.63018798828,-0.22607398453787217
2025-05-12 00:00:00-04:00,210.34713745117188,105173.56872558594,3773.7503051757812,108947.31903076172,0.06082590529372078,132700.63018798828,-0.17899923401702617
2025-05-13 00:00:00-04:00,212.48263549804688,106241.31774902344,3773.7503051757812,110015.06805419922,0.009800599344129024,132700.63018798828,-0.170952934448404
2025-05-14 00:00:00-04:00,211.88389587402344,105941.94793701172,3773.7503051757812,109715.6982421875,-0.0027211709932700723,132700.63018798828,-0.17320891327523869
2025-05-15 00:00:00-04:00,211.00575256347656,105502.87628173828,3773.7503051757812,109276.62658691406,-0.004001903668372275,132700.63018798828,-0.17651765155818
2025-05-16 00:00:00-04:00,210.81614685058597,105408.07342529298,3773.7503051757812,109181.82373046876,-0.0008675492592178369,132700.63018798828,-0.17723206305954964
2025-05-19 00:00:00-04:00,208.3413543701172,104170.6771850586,3773.7503051757812,107944.42749023438,-0.011333353830845327,132700.63018798828,-0.18655678320957042
2025-05-20 00:00:00-04:00,206.42539978027344,103212.69989013672,3773.7503051757812,106986.4501953125,-0.008874726719992454,132700.63018798828,-0.1937758694608171
2025-05-21 00:00:00-04:00,201.6654052734375,100832.70263671875,3773.7503051757812,104606.45294189453,-0.022245782050653085,132700.63018798828,-0.211710955752769
2025-05-22 00:00:00-04:00,200.9369354248047,100468.46771240234,3773.7503051757812,104242.21801757812,-0.003481954641160856,132700.63018798828,-0.21445574244896193
2025-05-23 00:00:00-04:00,194.85975646972656,97429.87823486328,3773.7503051757812,101203.62854003906,-0.029149317189573587,132700.63018798828,-0.2373538211787652
2025-05-27 00:00:00-04:00,199.78936767578125,99894.68383789062,3773.7503051757812,103668.4341430664,0.024354913342382822,132700.63018798828,-0.21877963958267468
2025-05-28 00:00:00-04:00,199.99891662597656,99999.45831298828,3773.7503051757812,103773.20861816406,0.0010106690234470417,132700.63018798828,-0.21799008436391476
2025-05-29 00:00:00-04:00,199.5299072265625,99764.95361328125,3773.7503051757812,103538.70391845703,-0.002259780754875762,132700.63018798828,-0.21975725532139118
2025-05-30 00:00:00-04:00,200.4280242919922,100214.0121459961,3773.7503051757812,103987.76245117188,0.0043371079192617845,132700.63018798828,-0.216373258334499
2025-06-02 00:00:00-04:00,201.27622985839844,100638.11492919922,3773.7503051757812,104411.865234375,0.004078391276110649,132700.63018798828,-0.2131773218675634
2025-06-03 00:00:00-04:00,202.84292602539065,101421.46301269533,3773.7503051757812,105195.21331787111,0.007502481463555144,132700.63018798828,-0.20727419930977006
2025-06-04 00:00:00-04:00,202.39389038085935,101196.94519042967,3773.7503051757812,104970.69549560545,-0.0021342969435996784,132700.63018798828,-0.20896611156329586
2025-06-05 00:00:00-04:00,200.20849609375,100104.248046875,3773.7503051757812,103877.99835205078,-0.010409544667639326,132700.63018798828,-0.21720041415859417
2025-06-06 00:00:00-04:00,203.49156188964844,101745.78094482422,3773.7503051757812,105519.53125,0.015802507980428482,132700.63018798828,-0.20483021745625926
2025-06-09 00:00:00-04:00,201.0267639160156,100513.3819580078,3773.7503051757812,104287.13226318358,-0.011679344783067536,132700.63018798828,-0.21411727950766446
2025-06-10 00:00:00-04:00,202.2441864013672,101122.0932006836,3773.7503051757812,104895.84350585938,0.005836877757263714,132700.63018798828,-0.20953017813660485
2025-06-11 00:00:00-04:00,198.36236572265625,99181.18286132812,3773.7503051757812,102954.9331665039,-0.018503214946234303,132700.63018798828,-0.22415641115905477
2025-06-12 00:00:00-04:00,198.78147888183597,99390.73944091798,3773.7503051757812,103164.48974609376,0.002035420481026895,132700.63018798828,-0.22257724322825448
2025-06-13 00:00:00-04:00,196.03726196289065,98018.63098144533,3773.7503051757812,101792.38128662111,-0.013300201094869513,132700.63018798828,-0.23291712222904656
2025-06-16 00:00:00-04:00,198.0031280517578,99001.5640258789,3773.7503051757812,102775.31433105469,0.009656253562492889,132700.63018798828,-0.22550997545784343
2025-06-17 00:00:00-04:00,195.2289581298828,97614.4790649414,3773.7503051757812,101388.22937011719,-0.013496285270113484,132700.63018798828,-0.23596271376792158
2025-06-18 00:00:00-04:00,196.1669769287109,98083.48846435545,3773.7503051757812,101857.23876953124,0.004625876221804104,132700.63018798828,-0.23242837185296886
2025-06-20 00:00:00-04:00,200.57769775390625,100288.84887695312,3773.7503051757812,104062.5991821289,0.021651484364185958,132700.63018798828,-0.2158093067477506
2025-06-23 00:00:00-04:00,201.07666015625,100538.330078125,3773.7503051757812,104312.08038330078,0.0023974146632186333,132700.63018798828,-0.21392927648098808
2025-06-24 00:00:00-04:00,199.87918090820312,99939.59045410156,3773.7503051757812,103713.34075927734,-0.005739887669993116,132700.63018798828,-0.21844123413465744
2025-06-25 00:00:00-04:00,201.13653564453125,100568.26782226562,3773.7503051757812,104342.0181274414,0.006061682745551966,132700.63018798828,-0.2137036728489766
2025-06-26 00:00:00-04:00,200.57769775390625,100288.84887695312,3773.7503051757812,104062.5991821289,-0.0026779139442293376,132700.63018798828,-0.2158093067477506
2025-06-27 00:00:00-04:00,200.65753173828125,100328.76586914062,3773.7503051757812,104102.5161743164,0.00038358634611501685,132700.63018798828,-0.2155085019050686
2025-06-30 00:00:00-04:00,204.7389373779297,102369.46868896484,3773.7503051757812,106143.21899414062,0.01960281936324315,132700.63018798828,-0.20013025677591367
2025-07-01 00:00:00-04:00,207.3833770751953,103691.68853759766,3773.7503051757812,107465.43884277344,0.012456941302164681,132700.63018798828,-0.19016632633519376
2025-07-02 00:00:00-04:00,211.99366760253903,105996.83380126952,3773.7503051757812,109770.5841064453,0.021450107946280106,132700.63018798828,-0.17279530661655104
2025-07-03 00:00:00-04:00,213.10134887695312,106550.67443847656,3773.7503051757812,110324.42474365234,0.005045437643567352,132700.63018798828,-0.16862169691761852
2025-07-07 00:00:00-04:00,209.50889587402344,104754.44793701172,3773.7503051757812,108528.1982421875,-0.01628131309670111,132700.63018798828,-0.18215762737190683
2025-07-08 00:00:00-04:00,209.5687713623047,104784.38568115234,3773.7503051757812,108558.13598632812,0.00027585221744685917,132700.63018798828,-0.18193202373989534
2025-07-09 00:00:00-04:00,210.69639587402344,105348.19793701172,3773.7503051757812,109121.9482421875,0.005193643486383959,132700.63018798828,-0.17768327032357276
2025-07-10 00:00:00-04:00,211.96372985839844,105981.86492919922,3773.7503051757812,109755.615234375,0.0058069618660137046,132700.63018798828,-0.17290810843255666
2025-07-11 00:00:00-04:00,210.7163543701172,105358.1771850586,3773.7503051757812,109131.92749023438,-0.005682513307485815,132700.63018798828,-0.17760806911290225
2025-07-14 00:00:00-04:00,208.1816864013672,104090.8432006836,3773.7503051757812,107864.59350585938,-0.01161286173093945,132700.63018798828,-0.1871583928949344
2025-07-15 00:00:00-04:00,208.6706695556641,104335.33477783205,3773.7503051757812,108109.08508300783,0.0022666527467622988,132700.63018798828,-0.18531596323350708
2025-07-16 00:00:00-04:00,209.71847534179688,104859.23767089844,3773.7503051757812,108632.98797607422,0.004846057966951811,132700.63018798828,-0.18136795716658627
2025-07-17 00:00:00-04:00,209.5787506103516,104789.3753051758,3773.7503051757812,108563.12561035158,-0.0006431045212346165,132700.63018798828,-0.18189442313455997
2025-07-18 00:00:00-04:00,210.7363128662109,105368.15643310545,3773.7503051757812,109141.90673828124,0.005331286518103662,132700.63018798828,-0.17753286790223186
2025-07-21 00:00:00-04:00,212.0335693359375,106016.78466796875,3773.7503051757812,109790.53497314453,0.005942980604312531,132700.63018798828,-0.17264496168849025
2025-07-22 00:00:00-04:00,213.94955444335935,106974.77722167967,3773.7503051757812,110748.52752685545,0.008725638817091541,132700.63018798828,-0.16542576045068302
2025-07-23 00:00:00-04:00,213.7000732421875,106850.03662109375,3773.7503051757812,110623.78692626953,-0.001126340939889059,132700.63018798828,-0.16636577558406418
2025-07-24 00:00:00-04:00,213.31088256835935,106655.44128417967,3773.7503051757812,110429.19158935545,-0.0017590731823687866,132700.63018798828,-0.16783219919213904
2025-07-25 00:00:00-04:00,213.4306488037109,106715.32440185545,3773.7503051757812,110489.07470703124,0.0005422761573630197,132700.63018798828,-0.1673809344348357
2025-07-28 00:00:00-04:00,213.6002960205078,106800.1480102539,3773.7503051757812,110573.89831542969,0.0007677103697660836,132700.63018798828,-0.16674172414413635
2025-07-29 00:00:00-04:00,210.8261260986328,105413.0630493164,3773.7503051757812,109186.81335449219,-0.012544415834744416,132700.63018798828,-0.1771944624542145
2025-07-30 00:00:00-04:00,208.6107940673828,104305.3970336914,3773.7503051757812,108079.14733886719,-0.01014468672172697,132700.63018798828,-0.18554156686551868
2025-07-31 00:00:00-04:00,207.1339111328125,103566.95556640625,3773.7503051757812,107340.70587158203,-0.006832413888035904,132700.63018798828,-0.19110628397529467
2025-08-01 00:00:00-04:00,201.95481872558597,100977.40936279298,3773.7503051757812,104751.15966796876,-0.024124549792986172,132700.63018798828,-0.21062048070476633
2025-08-04 00:00:00-04:00,202.9227752685547,101461.38763427734,3773.7503051757812,105235.13793945312,0.00462026647741598,132700.63018798828,-0.20697333697380785
2025-08-05 00:00:00-04:00,202.49366760253903,101246.83380126952,3773.7503051757812,105020.5841064453,-0.0020388041219775443,132700.63018798828,-0.2085901630032237
2025-08-06 00:00:00-04:00,212.80197143554688,106400.98571777344,3773.7503051757812,110174.73602294922,0.049077539992349095,132700.63018798828,-0.169749715077676
2025-08-07 00:00:00-04:00,219.56771850585935,109783.85925292967,3773.7503051757812,113557.60955810545,0.030704621197836124,132700.63018798828,-0.14425719457974062
2025-08-08 00:00:00-04:00,228.8681488037109,114434.07440185545,3773.7503051757812,118207.82470703124,0.04095027331960832,132700.63018798828,-0.10921429280649261
2025-08-11 00:00:00-04:00,226.95997619628903,113479.98809814452,3773.7503051757812,117253.7384033203,-0.008071261831232968,132700.63018798828,-0.11640405748477144
2025-08-12 00:00:00-04:00,229.42758178710935,114713.79089355467,3773.7503051757812,118487.54119873045,0.010522502840516923,132700.63018798828,-0.10710641666978579
2025-08-13 00:00:00-04:00,233.10403442382807,116552.01721191403,3773.7503051757812,120325.76751708981,0.01551408949634836,132700.63018798828,-0.09325398570728571
2025-08-14 00:00:00-04:00,232.5545654296875,116277.28271484375,3773.7503051757812,120051.03302001953,-0.0022832557210263893,132700.63018798828,-0.0953243187319374
2025-08-15 00:00:00-04:00,231.3657073974609,115682.85369873045,3773.7503051757812,119456.60400390624,-0.0049514693973035095,132700.63018798828,-0.0998037926822209
2025-08-18 00:00:00-04:00,230.66639709472656,115333.19854736328,3773.7503051757812,119106.94885253906,-0.002927047477054856,132700.63018798828,-0.10243870971970473
2025-08-19 00:00:00-04:00,230.3367156982422,115168.3578491211,3773.7503051757812,118942.10815429688,-0.0013839721345416667,132700.63018798828,-0.10368090953449588
2025-08-20 00:00:00-04:00,225.7911071777344,112895.5535888672,3773.7503051757812,116669.30389404298,-0.019108491479783662,132700.63018798828,-0.12080821523782344
2025-08-21 00:00:00-04:00,224.68218994140625,112341.09497070312,3773.7503051757812,116114.8452758789,-0.004752395014438693,132700.63018798828,-0.12498648189246261
2025-08-22 00:00:00-04:00,227.53941345214844,113769.70672607422,3773.7503051757812,117543.45703125,0.012303437617962043,132700.63018798828,-0.114220807657553
2025-08-25 00:00:00-04:00,226.94000244140625,113470.00122070312,3773.7503051757812,117243.7515258789,-0.0025497421374242046,132700.63018798828,-0.11647931618872215
2025-08-26 00:00:00-04:00,229.08792114257807,114543.96057128903,3773.7503051757812,118317.71087646481,0.009160056178762366,132700.63018798828,-0.10838621708991229
2025-08-27 00:00:00-04:00,230.26678466796875,115133.39233398438,3773.7503051757812,118907.14263916016,0.00498177118479548,132700.63018798828,-0.10394440123824428
2025-08-28 00:00:00-04:00,232.33477783203125,116167.38891601562,3773.7503051757812,119941.1392211914,0.008695832387201952,132700.63018798828,-0.09615245194179817
2025-08-29 00:00:00-04:00,231.9151763916016,115957.5881958008,3773.7503051757812,119731.33850097658,-0.0017491973277652395,132700.63018798828,-0.09773345965756876
2025-09-02 00:00:00-04:00,229.49752807617188,114748.76403808594,3773.7503051757812,118522.51434326172,-0.010096138344807715,132700.63018798828,-0.10684286747275695
2025-09-03 00:00:00-04:00,238.2390594482422,119119.5297241211,3773.7503051757812,122893.28002929688,0.03687709217319379,132700.63018798828,-0.07390582957140426
2025-09-04 00:00:00-04:00,239.5477752685547,119773.88763427734,3773.7503051757812,123547.63793945312,0.00532460285867753,132700.63018798828,-0.06897474590413559
2025-09-05 00:00:00-04:00,239.45787048339844,119728.93524169922,3773.7503051757812,123502.685546875,-0.0003638466370369242,132700.63018798828,-0.06931349631183481
2025-09-08 00:00:00-04:00,237.64962768554688,118824.81384277344,3773.7503051757812,122598.56414794922,-0.00732066185380742,132700.63018798828,-0.07612673749723817
2025-09-09 00:00:00-04:00,234.123046875,117061.5234375,3773.7503051757812,120835.27374267578,-0.01438263504575421,132700.63018798828,-0.08941446946034565
2025-09-10 00:00:00-04:00,226.5703582763672,113285.1791381836,3773.7503051757812,117058.92944335938,-0.03125200268390427,132700.63018798828,-0.11787209090469529
2025-09-11 00:00:00-04:00,229.8072204589844,114903.6102294922,3773.7503051757812,118677.36053466798,0.013825780732871884,132700.63018798828,-0.10567598385519686
2025-09-12 00:00:00-04:00,233.84332275390625,116921.66137695312,3773.7503051757812,120695.4116821289,0.017004516601727193,132700.63018798828,-0.09046843627533922
2025-09-15 00:00:00-04:00,236.47076416015625,118235.38208007812,3773.7503051757812,122009.1323852539,0.010884595237016015,132700.63018798828,-0.08056855334890596
2025-09-16 00:00:00-04:00,237.9193572998047,118959.67864990234,3773.7503051757812,122733.42895507812,0.005936412755868092,132700.63018798828,-0.07511042878086016
2025-09-17 00:00:00-04:00,238.7585601806641,119379.28009033205,3773.7503051757812,123153.03039550783,0.003418803206282739,132700.63018798828,-0.07194841334931866
2025-09-18 00:00:00-04:00,237.64962768554688,118824.81384277344,3773.7503051757812,122598.56414794922,-0.004502254193647803,132700.63018798828,-0.07612673749723817
2025-09-19 00:00:00-04:00,245.26223754882807,122631.11877441403,3773.7503051757812,126404.86907958981,0.031046896495845022,132700.63018798828,-0.047443339941036264
2025-09-22 00:00:00-04:00,255.8319854736328,127915.9927368164,3773.7503051757812,131689.7430419922,0.04180910119114789,132700.63018798828,-0.007617802150329175
2025-09-23 00:00:00-04:00,254.18359375,127091.796875,3773.7503051757812,130865.54718017578,-0.0062586184981285875,132700.63018798828,-0.013828743731004579
2025-09-24 00:00:00-04:00,252.06564331054688,126032.82165527344,3773.7503051757812,129806.57196044922,-0.008092085675296734,132700.63018798828,-0.02180892602724825
2025-09-25 00:00:00-04:00,256.6212158203125,128310.60791015625,3773.7503051757812,132084.35821533203,0.017547541857717563,132700.63018798828,-0.00464407721186567
2025-09-26 00:00:00-04:00,255.2126007080078,127606.3003540039,3773.7503051757812,131380.0506591797,-0.005332255580211331,132700.63018798828,-0.009951569385449152
2025-09-29 00:00:00-04:00,254.18359375,127091.796875,3773.7503051757812,130865.54718017578,-0.003916146145647392,132700.63018798828,-0.013828743731004579
2025-09-30 00:00:00-04:00,254.38340759277344,127191.70379638672,3773.7503051757812,130965.4541015625,0.0007634318087492709,132700.63018798828,-0.013075869225094645
2025-10-01 00:00:00-04:00,255.20260620117188,127601.30310058594,3773.7503051757812,131375.05340576172,0.003127537005915837,132700.63018798828,-0.00998922748406473
2025-10-02 00:00:00-04:00,256.8809814453125,128440.49072265625,3773.7503051757812,132214.24102783203,0.006387724307737708,132700.63018798828,-0.0036653116075425892
2025-10-03 00:00:00-04:00,257.7701110839844,128885.05554199219,3773.7503051757812,132658.80584716797,0.0033624579007518474,132700.63018798828,-0.00031517816276428154
2025-10-06 00:00:00-04:00,256.44140625,128220.703125,3773.7503051757812,131994.45343017578,-0.005007978269890079,132700.63018798828,-0.0053215780272641185
2025-10-07 00:00:00-04:00,256.23162841796875,128115.81420898438,3773.7503051757812,131889.56451416016,-0.0007946463907372303,132700.63018798828,-0.006111995645228975
2025-10-08 00:00:00-04:00,257.8100891113281,128905.04455566406,3773.7503051757812,132678.79486083984,0.005984024206820093,132700.63018798828,-0.00016454576830196528
2025-10-09 00:00:00-04:00,253.79396057128903,126896.98028564452,3773.7503051757812,130670.7305908203,-0.015134779239785123,132700.63018798828,-0.015296834644208982
2025-10-10 00:00:00-04:00,245.032470703125,122516.2353515625,3773.7503051757812,126289.98565673828,-0.033525066510876056,132700.63018798828,-0.04830907375623206
2025-10-13 00:00:00-04:00,247.42015075683597,123710.07537841798,3773.7503051757812,127483.82568359376,0.00945316464046786,132700.63018798828,-0.039312582743610276
2025-10-14 00:00:00-04:00,247.5300445556641,123765.02227783205,3773.7503051757812,127538.77258300783,0.0004310107507319305,132700.63018798828,-0.038898516138679895
2025-10-15 00:00:00-04:00,249.09852600097656,124549.26300048828,3773.7503051757812,128323.01330566406,0.00614903771436115,132700.63018798828,-0.03298866686708824
2025-10-16 00:00:00-04:00,247.2103576660156,123605.1788330078,3773.7503051757812,127378.92913818358,-0.0073570916327508895,132700.63018798828,-0.04010305785485568
2025-10-17 00:00:00-04:00,252.045654296875,126022.8271484375,3773.7503051757812,129796.57745361328,0.018979970484812148,132700.63018798828,-0.02188424222447941
2025-10-20 00:00:00-04:00,261.98602294921875,130993.01147460938,3773.7503051757812,134766.76177978516,0.03829210618398715,134766.76177978516,0.0
2025-10-21 00:00:00-04:00,262.5155029296875,131257.75146484375,3773.7503051757812,135031.50177001953,0.0019644308933308707,135031.50177001953,0.0
2025-10-22 00:00:00-04:00,258.19970703125,129099.853515625,3773.7503051757812,132873.60382080078,-0.015980700213895305,135031.50177001953,-0.015980700213895267
2025-10-23 00:00:00-04:00,259.3285827636719,129664.29138183594,3773.7503051757812,133438.04168701172,0.004247930740044925,135031.50177001953,-0.011800654381536336
2025-10-24 00:00:00-04:00,262.56549072265625,131282.74536132812,3773.7503051757812,135056.4956665039,0.012128879883357202,135056.4956665039,0.0
2025-10-27 00:00:00-04:00,268.5496520996094,134274.8260498047,3773.7503051757812,138048.57635498047,0.022154289386161263,138048.57635498047,0.0
2025-10-28 00:00:00-04:00,268.7394714355469,134369.73571777344,3773.7503051757812,138143.48602294922,0.0006875092121536586,138143.48602294922,0.0
2025-10-29 00:00:00-04:00,269.4388122558594,134719.4061279297,3773.7503051757812,138493.15643310547,0.0025312117148843516,138493.15643310547,0.0
2025-10-30 00:00:00-04:00,271.1371459960937,135568.57299804685,3773.7503051757812,139342.32330322263,0.006131471705804525,139342.32330322263,0.0
2025-10-31 00:00:00-04:00,270.108154296875,135054.0771484375,3773.7503051757812,138827.82745361328,-0.0036923157114996386,139342.32330322263,-0.0036923157114996013
2025-11-03 00:00:00-05:00,268.7894287109375,134394.71435546875,3773.7503051757812,138168.46466064453,-0.004749500190724065,139342.32330322263,-0.00842427924804773
2025-11-04 00:00:00-05:00,269.7784729003906,134889.2364501953,3773.7503051757812,138662.9867553711,0.003579124194085459,139342.32330322263,-0.004875306595636633
2025-11-05 00:00:00-05:00,269.8783874511719,134939.19372558594,3773.7503051757812,138712.94403076172,0.00036027837391650053,139342.32330322263,-0.004516784689252791
2025-11-06 00:00:00-05:00,269.5087280273437,134754.36401367185,3773.7503051757812,138528.11431884763,-0.0013324618924756004,139342.32330322263,-0.005843228138253451
2025-11-07 00:00:00-05:00,268.2099914550781,134104.99572753906,3773.7503051757812,137878.74603271484,-0.004687628134734778,139342.32330322263,-0.010503465392369661
2025-11-10 00:00:00-05:00,269.42999267578125,134714.99633789062,3773.7503051757812,138488.7466430664,0.004424181593636112,139342.32330322263,-0.006125753036991884
2025-11-11 00:00:00-05:00,275.25,137625.0,3773.7503051757812,141398.75030517578,0.021012564072151463,141398.75030517578,0.0
2025-11-12 00:00:00-05:00,273.4700012207031,136735.00061035156,3773.7503051757812,140508.75091552734,-0.006294252160840119,141398.75030517578,-0.006294252160840065
2025-11-13 00:00:00-05:00,272.95001220703125,136475.00610351562,3773.7503051757812,140248.7564086914,-0.0018503794613635716,141398.75030517578,-0.008132984867280545
2025-11-14 00:00:00-05:00,272.4100036621094,136205.0018310547,3773.7503051757812,139978.75213623047,-0.0019251812235263621,141398.75030517578,-0.01004250862104921
2025-11-17 00:00:00-05:00,267.4599914550781,133729.99572753906,3773.7503051757812,137503.74603271484,-0.01768129852384237,141398.75030517578,-0.02754624255203452
2025-11-18 00:00:00-05:00,267.44000244140625,133720.00122070312,3773.7503051757812,137493.7515258789,-7.26853422128304e-05,141398.75030517578,-0.027616925686180804
2025-11-19 00:00:00-05:00,268.5599975585937,134279.99877929685,3773.7503051757812,138053.74908447263,0.004072894603420085,141398.75030517578,-0.023656511910351116
2025-11-20 00:00:00-05:00,266.25,133125.0,3773.7503051757812,136898.75030517578,-0.00836629781484688,141398.75030517578,-0.031824892301295545
2025-11-21 00:00:00-05:00,271.489990234375,135744.9951171875,3773.7503051757812,139518.74542236328,0.019138196012359332,141398.75030517578,-0.013295767315870571
2025-11-24 00:00:00-05:00,275.9200134277344,137960.0067138672,3773.7503051757812,141733.75701904297,0.015876085969481757,141733.75701904297,0.0
2025-11-25 00:00:00-05:00,276.9700012207031,138485.00061035156,3773.7503051757812,142258.75091552734,0.0037040850925431634,142258.75091552734,0.0
2025-11-26 00:00:00-05:00,277.54998779296875,138774.99389648438,3773.7503051757812,142548.74420166016,0.0020384917220663823,142548.74420166016,0.0
2025-11-28 00:00:00-05:00,278.8500061035156,139425.0030517578,3773.7503051757812,143198.7533569336,0.0045599079733307235,143198.7533569336,0.0
2025-12-01 00:00:00-05:00,283.1000061035156,141550.0030517578,3773.7503051757812,145323.7533569336,0.014839514661858066,145323.7533569336,0.0
2025-12-02 00:00:00-05:00,286.19000244140625,143095.00122070312,3773.7503051757812,146868.7515258789,0.010631422140265023,146868.7515258789,0.0
2025-12-03 00:00:00-05:00,284.1499938964844,142074.9969482422,3773.7503051757812,145848.74725341797,-0.006945005400152859,146868.7515258789,-0.006945005400152859
2025-12-04 00:00:00-05:00,280.70001220703125,140350.00610351562,3773.7503051757812,144123.7564086914,-0.011827258562113863,146868.7515258789,-0.018690123587683797
2025-12-05 00:00:00-05:00,278.7799987792969,139389.99938964844,3773.7503051757812,143163.74969482422,-0.006660988707128168,146868.7515258789,-0.025226617592659595
2025-12-08 00:00:00-05:00,277.8900146484375,138945.00732421875,3773.7503051757812,142718.75762939453,-0.0031082733330067835,146868.7515258789,-0.028256479702921205
2025-12-09 00:00:00-05:00,277.17999267578125,138589.99633789062,3773.7503051757812,142363.7466430664,-0.0024874865240208655,146868.7515258789,-0.030673678614464826
2025-12-10 00:00:00-05:00,278.7799987792969,139389.99938964844,3773.7503051757812,143163.74969482422,0.0056194295993317045,146868.7515258789,-0.025226617592659595
