date,stock_price,stock_value,put_value,cash,total_equity,returns,cummax,drawdown
2023-12-07 00:00:00-05:00,192.45249938964844,76980.99975585938,1061.3692035910503,21957.631040549575,100000.0,,100000.0,0.0
2023-12-08 00:00:00-05:00,193.8789978027344,77551.59912109376,904.213562943383,21957.631040549575,100413.44372458672,0.004134437245867151,100413.44372458672,0.0
2023-12-11 00:00:00-05:00,191.3726959228516,76549.07836914064,1080.7089095729452,21957.631040549575,99587.41831926316,-0.008226243167091973,100413.44372458672,-0.008226243167091963
2023-12-12 00:00:00-05:00,192.88836669921875,77155.3466796875,906.2765206870665,21957.631040549575,100019.25424092414,0.004336249788869706,100413.44372458672,-0.003925664423418767
2023-12-13 00:00:00-05:00,196.1079559326172,78443.18237304688,623.5541728318992,21957.631040549575,101024.36758642834,0.01004919855814057,101024.36758642834,0.0
2023-12-14 00:00:00-05:00,196.25657653808597,78502.63061523439,593.4400986266013,21957.631040549575,101053.70175441056,0.000290367251813084,101053.70175441056,0.0
2023-12-15 00:00:00-05:00,195.7216339111328,78288.65356445312,610.0628657503336,21957.631040549575,100856.34747075304,-0.0019529644162581405,101053.70175441056,-0.0019529644162580905
2023-12-18 00:00:00-05:00,194.0573272705078,77622.93090820312,668.527226251129,21957.631040549575,100249.08917500383,-0.006021022087135508,101053.70175441056,-0.007962227661507866
2023-12-19 00:00:00-05:00,195.09750366210935,78039.00146484374,569.2886265002869,21957.631040549575,100565.9211318936,0.00316044723694886,101053.70175441056,-0.00482694462497187
2023-12-20 00:00:00-05:00,193.0072784423828,77202.91137695312,706.7297339151082,21957.631040549575,99867.27215141781,-0.006947174277452284,101053.70175441056,-0.011740585276886874
2023-12-21 00:00:00-05:00,192.85862731933597,77143.45092773439,694.6731795111958,21957.631040549575,99795.75514779516,-0.0007161205275960647,101053.70175441056,-0.01244829813036012
2023-12-22 00:00:00-05:00,191.7887725830078,76715.50903320312,763.4080312602578,21957.631040549575,99436.54810501296,-0.0035994220620929607,101053.70175441056,-0.016002913513527176
2023-12-26 00:00:00-05:00,191.2439117431641,76497.56469726564,704.445108158049,21957.631040549575,99159.64084597326,-0.002784763392502887,101053.70175441056,-0.01874311257830425
2023-12-27 00:00:00-05:00,191.3429718017578,76537.18872070312,667.0790406556364,21957.631040549575,99161.89880190833,2.2770916834780053e-05,101053.70175441056,-0.018720768459327214
2023-12-28 00:00:00-05:00,191.76893615722656,76707.57446289062,601.8428851344453,21957.631040549575,99267.04838857465,0.0010603829488620153,101053.70175441056,-0.017680236694129135
2023-12-29 00:00:00-05:00,190.72879028320312,76291.51611328125,664.3061774155996,21957.631040549575,98913.45333124642,-0.003562058740218643,101053.70175441056,-0.021179317392702342
2024-01-02 00:00:00-05:00,183.9032287597656,73561.29150390624,1409.8298609037329,21957.631040549575,96928.75240535954,-0.020065025120904578,101053.70175441056,-0.040819378978078705
2024-01-03 00:00:00-05:00,182.52622985839844,73010.49194335938,1623.6765602898856,21957.631040549575,96591.79954419883,-0.003476294214038389,101053.70175441056,-0.04415377302115494
2024-01-04 00:00:00-05:00,180.2081298828125,72083.251953125,2080.247950016974,21957.631040549575,96121.13094369155,-0.0048727594136178665,101053.70175441056,-0.04881138172163722
2024-01-05 00:00:00-05:00,179.48497009277344,71793.98803710938,2213.306716256807,21957.631040549575,95964.92579391575,-0.0016250864741416127,101053.70175441056,-0.050357145479558885
2024-01-08 00:00:00-05:00,183.8239898681641,73529.59594726564,1154.558310714026,21957.631040549575,96641.78529852924,0.007053196769693182,101053.70175441056,-0.04365912756569316
2024-01-09 00:00:00-05:00,183.40789794921875,73363.1591796875,1177.714919225258,21957.631040549575,96498.50513946233,-0.0014825901510854278,101053.70175441056,-0.045076989124244696
2024-01-10 00:00:00-05:00,184.44808959960935,73779.23583984374,946.1747768424345,21957.631040549575,96683.04165723575,0.0019123251443815548,101053.70175441056,-0.043250865839598515
2024-01-11 00:00:00-05:00,183.8537139892578,73541.48559570312,989.746354230067,21957.631040549575,96488.86299048277,-0.00200840461185936,101053.70175441056,-0.0451724052130387
2024-01-12 00:00:00-05:00,184.18060302734372,73672.24121093749,876.2558270702925,21957.631040549575,96506.12807855735,0.0001789334803985465,101053.70175441056,-0.04500155458832296
2024-01-16 00:00:00-05:00,181.9120330810547,72764.81323242188,1030.4748229771974,21957.631040549575,95752.91909594864,-0.007804778801151158,101053.70175441056,-0.052455106210204334
2024-01-17 00:00:00-05:00,180.97091674804688,72388.36669921875,1172.9015076041833,21957.631040549575,95518.89924737251,-0.0024439970163377955,101053.70175441056,-0.05477090310347273
2024-01-18 00:00:00-05:00,186.86524963378903,74746.09985351561,146.60807250734962,21957.631040549575,96850.33896657254,0.01393901866218017,101053.70175441056,-0.04159533708179634
2024-01-19 00:00:00-05:00,189.7678375244141,75907.13500976564,11.04799656669968,21957.631040549575,97875.81404688192,0.010588244617949272,101053.70175441056,-0.03144751406783515
2024-01-22 00:00:00-05:00,192.0760498046875,76830.419921875,1059.2930965129426,20898.337944036633,98788.05096242458,0.009320350736553795,101053.70175441056,-0.0224202651921863
2024-01-23 00:00:00-05:00,193.35400390625,77341.6015625,915.5396169372978,20898.337944036633,99155.47912347392,0.0037193583380756845,101053.70175441056,-0.01878429585439495
2024-01-24 00:00:00-05:00,192.68032836914065,77072.13134765626,956.0235376419769,20898.337944036633,98926.49282933486,-0.002309366019541015,101053.70175441056,-0.021050282059388827
2024-01-25 00:00:00-05:00,192.3534240722656,76941.36962890624,964.839310741047,20898.337944036633,98804.54688368391,-0.0012326924988772525,101053.70175441056,-0.022257026033472172
2024-01-26 00:00:00-05:00,190.6197967529297,76247.91870117188,1119.3559227994883,20898.337944036633,98265.61256800799,-0.005454549741626513,101053.70175441056,-0.027590173719498484
2024-01-29 00:00:00-05:00,189.93624877929688,75974.49951171875,1121.053380039396,20898.337944036633,97993.89083579477,-0.0027651761904518013,101053.70175441056,-0.03027905821849073
2024-01-30 00:00:00-05:00,186.28077697753903,74512.31079101561,1568.0460684715172,20898.337944036633,96978.69480352377,-0.010359788999215525,101053.70175441056,-0.04032516256346772
2024-01-31 00:00:00-05:00,182.67481994628903,73069.92797851561,2138.216915786404,20898.337944036633,96106.48283833865,-0.008993851350053816,101053.70175441056,-0.04895633539575891
2024-02-01 00:00:00-05:00,185.11183166503903,74044.73266601561,1689.8986157682486,20898.337944036633,96632.9692258205,0.00547815685199371,101053.70175441056,-0.043746369027962036
2024-02-02 00:00:00-05:00,184.11126708984372,73644.50683593749,1824.7601614251153,20898.337944036633,96367.60494139924,-0.002746105046209757,101053.70175441056,-0.04637234194943076
2024-02-05 00:00:00-05:00,185.9241180419922,74369.64721679688,1445.7400416727808,20898.337944036633,96713.72520250629,0.003591666113498704,101053.70175441056,-0.042947229805115464
2024-02-06 00:00:00-05:00,187.52899169921875,75011.5966796875,1191.627717607298,20898.337944036633,97101.56234133145,0.0040101561387804185,101053.70175441056,-0.03910929876358163
2024-02-07 00:00:00-05:00,187.63796997070312,75055.18798828125,1147.1589279373973,20898.337944036633,97100.68486025528,-9.036734888834275e-06,101053.70175441056,-0.03911798207810583
2024-02-08 00:00:00-05:00,186.5581817626953,74623.27270507812,1260.53606158913,20898.337944036633,96782.14671070388,-0.003280493335446888,101053.70175441056,-0.04227014913404941
2024-02-09 00:00:00-05:00,187.32192993164065,74928.77197265626,1125.5811017550373,20898.337944036633,96952.69101844795,0.0017621463621162459,101053.70175441056,-0.0405824889614558
2024-02-12 00:00:00-05:00,185.6356658935547,74254.26635742188,1259.4336164785489,20898.337944036633,96412.03791793706,-0.005576463064939641,101053.70175441056,-0.0459326452756186
2024-02-13 00:00:00-05:00,183.54275512695312,73417.10205078125,1561.5706664861762,20898.337944036633,95877.01066130406,-0.005549382299007144,101053.70175441056,-0.05122712976598669
2024-02-14 00:00:00-05:00,182.6599578857422,73063.98315429688,1684.6528681370614,20898.337944036633,95646.97396647057,-0.002399289394264814,101053.70175441056,-0.05350351045110538
2024-02-15 00:00:00-05:00,182.3722686767578,72948.90747070312,1701.2547186732547,20898.337944036633,95548.500133413,-0.0010295551335695041,101053.70175441056,-0.05447798077082591
2024-02-16 00:00:00-05:00,180.8348388671875,72333.935546875,1975.6949073178419,20898.337944036633,95207.96839822948,-0.0035639673538364613,101053.70175441056,-0.057847790379692246
2024-02-20 00:00:00-05:00,180.09091186523438,72036.36474609375,1979.724413245782,20898.337944036633,94914.42710337616,-0.0030831588972207724,101053.70175441056,-0.06075259534731935
2024-02-21 00:00:00-05:00,180.84475708007807,72337.90283203122,1765.6357481647206,20898.337944036633,95001.87652423256,0.0009213501416507341,101053.70175441056,-0.059887219617997464
2024-02-22 00:00:00-05:00,182.878173828125,73151.26953125,1306.5388480044476,20898.337944036633,95356.14632329109,0.0037290821194271295,101053.70175441056,-0.05638146185843012
2024-02-23 00:00:00-05:00,181.0431671142578,72417.26684570312,1628.5821804984153,20898.337944036633,94944.18697023817,-0.004320218139439391,101053.70175441056,-0.060458099783620656
2024-02-26 00:00:00-05:00,179.69415283203125,71877.6611328125,1793.6287187795926,20898.337944036633,94569.62779562874,-0.003945045890243248,101053.70175441056,-0.06416463569578065
2024-02-27 00:00:00-05:00,181.15223693847656,72460.89477539062,1391.1460015124533,20898.337944036633,94750.37872093971,0.0019112999545858322,101053.70175441056,-0.06237597360648628
2024-02-28 00:00:00-05:00,179.95204162597656,71980.81665039062,1617.7406878272848,20898.337944036633,94496.89528225455,-0.0026752762585965373,101053.70175441056,-0.06488437690378651
2024-02-29 00:00:00-05:00,179.28746032714844,71714.98413085938,1733.4360526040086,20898.337944036633,94346.75812750001,-0.0015888051592181096,101053.70175441056,-0.06637009343022726
2024-03-01 00:00:00-05:00,178.206298828125,71282.51953125,1988.1443047950825,20898.337944036633,94169.00178008171,-0.0018840747784685252,101053.70175441056,-0.06812912198961935
2024-03-04 00:00:00-05:00,173.68319702148438,69473.27880859375,3506.2794352325,20898.337944036633,93877.89618786288,-0.003091310162750549,101053.70175441056,-0.07100982390518408
2024-03-05 00:00:00-05:00,168.74346923828125,67497.3876953125,5479.517499145095,20898.337944036633,93875.24313849423,-2.8260639366450846e-05,101053.70175441056,-0.07103607776152565
2024-03-06 00:00:00-05:00,167.75155639648438,67100.62255859375,5882.277526144833,20898.337944036633,93881.23802877523,6.386018379900271e-05,101053.70175441056,-0.07097675395470887
2024-03-07 00:00:00-05:00,167.63255310058594,67053.02124023438,924.488016235523,19973.84992780111,87951.35918427102,-0.06316362000559328,101053.70175441056,-0.12965722524427647
2024-03-08 00:00:00-05:00,169.34854125976562,67739.41650390625,746.2148202486759,19973.84992780111,88459.48125195604,0.005777307734613046,101053.70175441056,-0.12462898719991564
2024-03-11 00:00:00-04:00,171.35218811035156,68540.87524414062,540.3845274260889,19973.84992780111,89055.10969936782,0.00673334773143508,101053.70175441056,-0.11873480977671412
2024-03-12 00:00:00-04:00,171.82830810546875,68731.3232421875,492.64679377945413,19973.84992780111,89197.81996376807,0.0016024938364795904,101053.70175441056,-0.11732258774107736
2024-03-13 00:00:00-04:00,169.7453155517578,67898.12622070312,622.0829037145563,19973.84992780111,88494.0590522188,-0.007889889145666684,101053.70175441056,-0.12428681467518421
2024-03-14 00:00:00-04:00,171.60015869140625,68640.0634765625,474.1911087519213,19973.84992780111,89088.10451311554,0.0067128287170803436,101053.70175441056,-0.11840830205680986
2024-03-15 00:00:00-04:00,171.22320556640625,68489.2822265625,481.38440576419583,19973.84992780111,88944.51656012781,-0.001611752251015619,101053.70175441056,-0.11982920946044645
2024-03-18 00:00:00-04:00,172.31436157226562,68925.74462890625,367.4031814603879,19973.84992780111,89266.99773816776,0.0036256442837816483,101053.70175441056,-0.11663802326497517
2024-03-19 00:00:00-04:00,174.65524291992188,69862.09716796875,245.69639102618055,19973.84992780111,90081.64348679605,0.009125945413978709,101053.70175441056,-0.10857651008450692
2024-03-20 00:00:00-04:00,177.22430419921875,70889.7216796875,152.23157137129348,19973.84992780111,91015.8031788599,0.010370144858655728,101053.70175441056,-0.09933231936367484
2024-03-21 00:00:00-04:00,169.9833526611328,67993.34106445312,454.7675202961443,19973.84992780111,88421.95851255038,-0.028498838396363135,101053.70175441056,-0.12500030204295667
2024-03-22 00:00:00-04:00,170.8860321044922,68354.41284179688,379.89813845603635,19973.84992780111,88708.16090805402,0.0032367796452170694,101053.70175441056,-0.12216812083103834
2024-03-25 00:00:00-04:00,169.46759033203125,67787.0361328125,410.67252874999696,19973.84992780111,88171.55858936362,-0.006049075002767745,101053.70175441056,-0.1274781917079519
2024-03-26 00:00:00-04:00,168.3367919921875,67334.716796875,468.27135741485364,19973.84992780111,87776.83808209097,-0.004476732787620952,101053.70175441056,-0.13138423869504728
2024-03-27 00:00:00-04:00,171.9076690673828,68763.06762695312,242.46623251394084,19973.84992780111,88979.38378726818,0.013700034444765086,101053.70175441056,-0.11948417284590362
2024-03-28 00:00:00-04:00,170.0924530029297,68036.98120117188,313.96109886433834,19973.84992780111,88324.79222783733,-0.007356665460797607,101053.70175441056,-0.12596183321921375
2024-04-01 00:00:00-04:00,168.6542205810547,67461.68823242188,314.18390764715554,19973.84992780111,87749.72206787014,-0.006510857772342948,101053.70175441056,-0.1316525714107228
2024-04-02 00:00:00-04:00,167.4738311767578,66989.53247070312,366.99313502405033,19973.84992780111,87330.37553352829,-0.004778893020510155,101053.70175441056,-0.13580231087658604
2024-04-03 00:00:00-04:00,168.27728271484375,67310.9130859375,291.39618926966904,19973.84992780111,87576.15920300828,0.0028144121444391157,101053.70175441056,-0.13337010240512087
2024-04-04 00:00:00-04:00,167.45401000976562,66981.60400390625,318.2654073122663,19973.84992780111,87273.71933901963,-0.0034534497372460393,101053.70175441056,-0.1363629651972595
2024-04-05 00:00:00-04:00,168.2078399658203,67283.13598632812,248.9461017367475,19973.84992780111,87505.93201586598,0.002660740009765128,101053.70175441056,-0.13406505158484486
2024-04-08 00:00:00-04:00,167.08700561523438,66834.80224609375,237.0368360465534,19973.84992780111,87045.68900994142,-0.005259563498405062,101053.70175441056,-0.13861949143152252
2024-04-09 00:00:00-04:00,168.29708862304688,67318.83544921875,153.0335766382663,19973.84992780111,87445.71895365813,0.004595631883286266,101053.70175441056,-0.13466090370270384
2024-04-10 00:00:00-04:00,166.4224090576172,66568.96362304688,219.72621695109922,19973.84992780111,86762.53976779908,-0.00781260871353917,101053.70175441056,-0.14142145946660217
2024-04-11 00:00:00-04:00,173.6236572265625,69449.462890625,17.401828737713743,19973.84992780111,89440.71464716383,0.03086787093291976,101053.70175441056,-0.1149189678916426
2024-04-12 00:00:00-04:00,175.1214599609375,70048.583984375,6.339828794895475,19973.84992780111,90028.77374097101,0.006574847888090263,101053.70175441056,-0.10909969473689628
2024-04-15 00:00:00-04:00,171.2926788330078,68517.07153320312,7.992462672339684,19973.84992780111,88498.91392367658,-0.01699300960930683,101053.70175441056,-0.12423877218516662
2024-04-16 00:00:00-04:00,168.0094757080078,67203.79028320312,24.451102822524007,19973.84992780111,87202.09131382676,-0.014653542652153018,101053.70175441056,-0.13707177669005316
2024-04-17 00:00:00-04:00,166.64064025878906,66656.25610351562,27.870163773401302,19973.84992780111,86657.97619509014,-0.006239702632571453,101053.70175441056,-0.14245619219676042
2024-04-18 00:00:00-04:00,165.68836975097656,66275.34790039062,23.27174224572275,19973.84992780111,86272.46957043746,-0.004448599443227286,101053.70175441056,-0.14627106110269694
2024-04-19 00:00:00-04:00,163.66490173339844,65465.960693359375,36.13141624863658,19973.84992780111,85475.94203740913,-0.009232696560030673,101053.70175441056,-0.15415328134005277
2024-04-22 00:00:00-04:00,164.4980926513672,65799.23706054688,907.2015699631919,19066.64835783792,85773.08698834799,0.0034763577195653372,101053.70175441056,-0.15121281557007027
2024-04-23 00:00:00-04:00,165.5495147705078,66219.80590820312,787.9854195871303,19066.64835783792,86074.43968562817,0.0035133712433728093,101053.70175441056,-0.14823071108455077
2024-04-24 00:00:00-04:00,167.65237426757812,67060.94970703125,598.3363507424726,19066.64835783792,86725.93441561164,0.00756896858536571,101053.70175441056,-0.14178369609477046
2024-04-25 00:00:00-04:00,168.51535034179688,67406.14013671875,521.856615891953,19066.64835783792,86994.64511044862,0.0030983891571494393,101053.70175441056,-0.1391246080042617
2024-04-26 00:00:00-04:00,167.93011474609375,67172.0458984375,545.2345857820603,19066.64835783792,86783.92884205747,-0.0024221751594436514,101053.70175441056,-0.1412097989941301
2024-04-29 00:00:00-04:00,172.0961151123047,68838.44604492188,275.94775459362353,19066.64835783792,88181.04215735343,0.016098756232143296,101053.70175441056,-0.12738434489358327
2024-04-30 00:00:00-04:00,168.95176696777344,67580.70678710938,415.4167826226683,19066.64835783792,87062.77192756996,-0.012681526577878022,101053.70175441056,-0.13845044351608776
2024-05-01 00:00:00-04:00,167.93011474609375,67172.0458984375,461.4299066375949,19066.64835783792,86700.12416291301,-0.004165359735601504,101053.70175441056,-0.14203910734889116
2024-05-02 00:00:00-04:00,171.62991333007812,68651.96533203125,257.1374585527536,19066.64835783792,87975.75114842193,0.014713092949117046,101053.70175441056,-0.12941584898860806
2024-05-03 00:00:00-04:00,181.8961944580078,72758.47778320312,40.60429277866042,19066.64835783792,91865.7304338197,0.0442164941431995,101053.70175441056,-0.09092166997425057
2024-05-06 00:00:00-04:00,180.2397003173828,72095.88012695312,42.19944121856507,19066.64835783792,91204.7279260096,-0.0071953110772498,101053.70175441056,-0.09746277135237255
2024-05-07 00:00:00-04:00,180.9240875244141,72369.63500976564,33.068402288171406,19066.64835783792,91469.35176989174,0.002901426821829034,101053.70175441056,-0.09484412562947506
2024-05-08 00:00:00-04:00,181.2613677978516,72504.54711914064,27.503196040310307,19066.64835783792,91598.69867301887,0.0014141010144306243,101053.70175441056,-0.09356414378930979
2024-05-09 00:00:00-04:00,183.0765686035156,73230.62744140624,16.177757849561925,19066.64835783792,92313.45355709372,0.0078031117737416,101053.70175441056,-0.08649112348757053
2024-05-10 00:00:00-04:00,181.8151397705078,72726.05590820312,18.882087637529565,19066.64835783792,91811.58635367858,-0.00543655538902299,101053.70175441056,-0.09145746509309449
2024-05-13 00:00:00-04:00,185.0233154296875,74009.326171875,5.171241557538897,19066.64835783792,93081.14577127047,0.013827878027303342,101053.70175441056,-0.0788942497377848
2024-05-14 00:00:00-04:00,186.1655731201172,74466.22924804688,3.0508458939046745,19066.64835783792,93535.92845177869,0.004885873253276829,101053.70175441056,-0.07439384378913913
2024-05-15 00:00:00-04:00,188.4401397705078,75376.05590820312,1.212793470384943,19066.64835783792,94443.91705951144,0.009707377932329564,101053.70175441056,-0.06540863501430944
2024-05-16 00:00:00-04:00,188.559326171875,75423.73046875,0.8807745793487642,19066.64835783792,94491.25960116726,0.000501276769640846,101053.70175441056,-0.06494014607393521
2024-05-17 00:00:00-04:00,188.589111328125,75435.64453125,0.6404627112918282,19066.64835783792,94502.9333517992,0.0001235431793502606,101053.70175441056,-0.0648246258066983
2024-05-20 00:00:00-04:00,189.751220703125,75900.48828125,0.13187228652214028,19066.64835783792,94967.26851137445,0.00491344705509511,101053.70175441056,-0.060229691118370766
2024-05-21 00:00:00-04:00,191.05239868164065,76420.95947265626,0.0467664162782086,19066.64835783792,95487.65459691046,0.00547963623354808,101053.70175441056,-0.05508009168261038
2024-05-22 00:00:00-04:00,189.61215209960935,75844.86083984374,0.05005819457811478,19066.64835783792,94911.55925587623,-0.006033191866175236,101053.70175441056,-0.06078097478765793
2024-05-23 00:00:00-04:00,185.61929321289065,74247.71728515626,0.16723454196034826,19066.64835783792,93314.53287753614,-0.016826468671056083,101053.70175441056,-0.07658471429065328
2024-05-24 00:00:00-04:00,188.6983795166016,75479.35180664064,0.021279657950207254,19066.64835783792,94546.02144413651,0.013197178709735802,101053.70175441056,-0.06439823774184522
2024-05-28 00:00:00-04:00,188.70831298828125,75483.3251953125,0.00036671883195970624,19066.64835783792,94549.97391986926,4.180478112525421e-05,101053.70175441056,-0.06435912511495352
2024-05-29 00:00:00-04:00,189.00628662109372,75602.51464843749,5.8233519773551005e-05,19066.64835783792,94669.16306450893,0.0012605941567016554,101053.70175441056,-0.06317966169530224
2024-05-30 00:00:00-04:00,189.99954223632807,75999.81689453122,2.997705072350939e-06,19066.64835783792,95066.46525536684,0.004196743458978025,101053.70175441056,-0.05924806706828434
2024-05-31 00:00:00-04:00,190.9530487060547,76381.21948242188,6.157207405106136e-08,19066.64835783792,95447.86784032136,0.004011957149453238,101053.70175441056,-0.05547381062509702
2024-06-03 00:00:00-04:00,192.72103881835935,77088.41552734374,1.6927761888167944e-18,19066.64835783792,96155.06388518165,0.00740923879036659,101053.70175441056,-0.04847559054426336
2024-06-04 00:00:00-04:00,193.0388946533203,77215.55786132812,1.71550487658039e-28,19066.64835783792,96282.20621916605,0.0013222635277558847,101053.70175441056,-0.04721742452187067
2024-06-05 00:00:00-04:00,194.54864501953125,77819.4580078125,1.5820151255373775e-61,19066.64835783792,96886.10636565043,0.006272188498773312,101053.70175441056,-0.04124139261012512
2024-06-06 00:00:00-04:00,193.1680145263672,77267.20581054688,1065.3152460338617,18001.33311180406,96333.8541683848,-0.005700014356871841,101053.70175441056,-0.04670633043702191
2024-06-07 00:00:00-04:00,195.56173706054688,78224.69482421875,824.8736247744574,18001.33311180406,97050.90156079727,0.007443358293950597,101053.70175441056,-0.039610624095109785
2024-06-10 00:00:00-04:00,191.81716918945312,76726.86767578125,1113.3537305454809,18001.33311180406,95841.55451813078,-0.01246095629424826,101053.70175441056,-0.051577994133721
2024-06-11 00:00:00-04:00,205.75254821777344,82301.01928710938,224.11188478332207,18001.33311180406,100526.46428369675,0.04888182155559373,101053.70175441056,-0.005217398883567333
2024-06-12 00:00:00-04:00,211.6326141357422,84653.04565429688,95.50770088436202,18001.33311180406,102749.8864669853,0.022117779622824685,102749.8864669853,0.0
2024-06-13 00:00:00-04:00,212.79470825195312,85117.88330078125,75.18028166045205,18001.33311180406,103194.39669424575,0.004326138378783151,103194.39669424575,0.0
2024-06-14 00:00:00-04:00,211.0565185546875,84422.607421875,90.32013630249125,18001.33311180406,102514.26066998154,-0.006590823204087215,103194.39669424575,-0.006590823204087171
2024-06-17 00:00:00-04:00,215.2083282470703,86083.33129882812,36.54186726755597,18001.33311180406,104121.20627789974,0.015675337240067977,104121.20627789974,0.0
2024-06-18 00:00:00-04:00,212.8443603515625,85137.744140625,49.17964809329618,18001.33311180406,103188.25690052236,-0.008960224441573628,104121.20627789974,-0.00896022444157368
2024-06-20 00:00:00-04:00,208.2654571533203,83306.18286132812,87.11630398832781,18001.33311180406,101394.63227712052,-0.017382061460064935,104121.20627789974,-0.026186538729699185
2024-06-21 00:00:00-04:00,206.09027099609372,82436.10839843749,113.89380271268124,18001.33311180406,100551.33531295424,-0.008316978376739614,104121.20627789974,-0.03428572423006226
2024-06-24 00:00:00-04:00,206.7358856201172,82694.35424804688,78.33827077120574,18001.33311180406,100774.02563062214,0.0022146927932364946,104121.20627789974,-0.03214696378318899
2024-06-25 00:00:00-04:00,207.65960693359372,83063.84277343749,59.79698491464589,18001.33311180406,101124.9728701562,0.0034825168225434133,104121.20627789974,-0.028776399302814292
2024-06-26 00:00:00-04:00,211.8114013671875,84724.560546875,23.540101146792836,18001.33311180406,102749.43375982586,0.016063894442329918,104121.20627789974,-0.013174765901315185
2024-06-27 00:00:00-04:00,212.6556701660156,85062.26806640624,16.94759201675078,18001.33311180406,103080.54877022703,0.0032225482738439393,104121.20627789974,-0.009994673946584761
2024-06-28 00:00:00-04:00,209.1991271972656,83679.65087890624,30.237202525192508,18001.33311180406,101711.22119323548,-0.013284054007549617,104121.20627789974,-0.023145958165640107
2024-07-01 00:00:00-04:00,215.28778076171875,86115.1123046875,4.080338167137887,18001.33311180406,104120.52575465871,0.023687696727639596,104121.20627789974,-6.535875498885175e-06
2024-07-02 00:00:00-04:00,218.78404235839844,87513.61694335938,1.177741306540947,18001.33311180406,105516.12779646998,0.013403716814682332,105516.12779646998,0.0
2024-07-03 00:00:00-04:00,220.05538940429688,88022.15576171875,0.5718566646750578,18001.33311180406,106024.06073018748,0.004813794292160223,106024.06073018748,0.0
2024-07-05 00:00:00-04:00,224.8130645751953,89925.22583007812,0.04636689441093883,18001.33311180406,107926.6053087766,0.01794446058268573,107926.6053087766,0.0
2024-07-08 00:00:00-04:00,226.28309631347656,90513.23852539062,0.0031884964643848126,18001.33311180406,108514.57482569115,0.005447864455964124,108514.57482569115,0.0
2024-07-09 00:00:00-04:00,227.1372833251953,90854.91333007812,0.0008254340444076975,18001.33311180406,108856.24726731624,0.0031486318052107443,108856.24726731624,0.0
2024-07-10 00:00:00-04:00,231.4082794189453,92563.31176757812,2.542664580314422e-05,18001.33311180406,110564.64490480884,0.015694070670076554,110564.64490480884,0.0
2024-07-11 00:00:00-04:00,226.03477478027344,90413.90991210938,0.00013276608793636542,18001.33311180406,108415.24315667953,-0.019440226574958475,110564.64490480884,-0.019440226574958478
2024-07-12 00:00:00-04:00,228.98475646972656,91593.90258789062,4.10852585444406e-06,18001.33311180406,109595.23570380322,0.010884009598340239,110564.64490480884,-0.008767804589253976
2024-07-15 00:00:00-04:00,232.81871032714844,93127.48413085938,1.728148037289309e-11,18001.33311180406,111128.81724266344,0.013993140568673512,111128.81724266344,0.0
2024-07-16 00:00:00-04:00,233.23587036132807,93294.34814453122,3.200647825176368e-14,18001.33311180406,111295.68125633529,0.001501536845366358,111295.68125633529,0.0
2024-07-17 00:00:00-04:00,227.3359375,90934.375,3.159627097555746e-14,18001.33311180406,108935.70811180407,-0.021204534784200257,111295.68125633529,-0.02120453478420021
2024-07-18 00:00:00-04:00,222.6676483154297,89067.05932617188,1.3489032358749648e-15,18001.33311180406,107068.39243797594,-0.01714144706262566,111295.68125633529,-0.03798250543633485
2024-07-19 00:00:00-04:00,222.7967834472656,89118.71337890624,6.610621469975392e-24,18001.33311180406,107120.04649071029,0.000482439789728506,111295.68125633529,-0.037518389918542415
2024-07-22 00:00:00-04:00,222.4491424560547,88979.65698242188,1226.7997033910915,16774.533408412968,106980.99009422594,-0.0012981360729376057,111295.68125633529,-0.03876782201612824
2024-07-23 00:00:00-04:00,223.4920654296875,89396.826171875,1100.4077986091575,16774.533408412968,107271.76737889713,0.0027180276085974064,111295.68125633529,-0.03615516641809589
2024-07-24 00:00:00-04:00,217.0657196044922,86826.28784179688,1810.887217132995,16774.533408412968,105411.70846734285,-0.017339687384699487,111295.68125633529,-0.05286793451976382
2024-07-25 00:00:00-04:00,216.0227813720703,86409.11254882812,1929.6638517621716,16774.533408412968,105113.30980900327,-0.0028307923538875013,111295.68125633529,-0.05554906872884697
2024-07-26 00:00:00-04:00,216.4896240234375,86595.849609375,1832.104013549241,16774.533408412968,105202.48703133721,0.0008483913454535585,111295.68125633529,-0.05474780473255098
2024-07-29 00:00:00-04:00,216.76773071289065,86707.09228515626,1700.592447560905,16774.533408412968,105182.21814113014,-0.00019266550420071749,111295.68125633529,-0.054929922223349054
2024-07-30 00:00:00-04:00,217.32394409179688,86929.57763671875,1593.4595494917062,16774.533408412968,105297.57059462342,0.001096691584679288,111295.68125633529,-0.053893471822119184
2024-07-31 00:00:00-04:00,220.58181762695312,88232.72705078125,1172.2378630041449,16774.533408412968,106179.49832219837,0.008375575263461776,111295.68125633529,-0.04596928538811282
2024-08-01 00:00:00-04:00,216.8869171142578,86754.76684570312,1588.2822679403887,16774.533408412968,105117.58252205649,-0.0100011378554411,111295.68125633529,-0.0555106780832713
2024-08-02 00:00:00-04:00,218.37680053710935,87350.72021484374,1363.066033621692,16774.533408412968,105488.3196568784,0.0035268803365424706,111295.68125633529,-0.0521795772657289
2024-08-05 00:00:00-04:00,207.85824584960935,83143.29833984374,3064.04028453278,16774.533408412968,102981.87203278948,-0.02376042800038558,111295.68125633529,-0.07470019617740159
2024-08-06 00:00:00-04:00,205.83200073242188,82332.80029296875,3507.887210766296,16774.533408412968,102615.22091214801,-0.0035603462376827544,111295.68125633529,-0.07799458385267
2024-08-07 00:00:00-04:00,208.40451049804688,83361.80419921875,2871.9724627340893,16774.533408412968,103008.31007036581,0.0038307100518191195,111295.68125633529,-0.07446264843720278
2024-08-08 00:00:00-04:00,211.87098693847656,84748.39477539062,2134.6736092481706,16774.533408412968,103657.60179305177,0.006303294581208263,111295.68125633529,-0.06862871386439116
2024-08-09 00:00:00-04:00,214.7812347412109,85912.49389648436,1608.4275278627558,16774.533408412968,104295.4548327601,0.006153461286725115,111295.68125633529,-0.06289755671158821
2024-08-12 00:00:00-04:00,216.3125915527344,86525.03662109376,1272.1679025947822,16774.533408412968,104571.73793210152,0.002649042566470916,111295.68125633529,-0.060415132450173326
2024-08-13 00:00:00-04:00,220.03167724609372,88012.67089843749,807.9323719030441,16774.533408412968,105595.13667875351,0.009786571084019702,111295.68125633529,-0.05121981835442772
2024-08-14 00:00:00-04:00,220.47915649414065,88191.66259765626,730.6989271743021,16774.533408412968,105696.89493324354,0.0009636642149497554,111295.68125633529,-0.05030551284552241
2024-08-15 00:00:00-04:00,223.46237182617188,89384.94873046875,467.89207042598093,16774.533408412968,106627.3742093077,0.008803279194264269,111295.68125633529,-0.04194508712584794
2024-08-16 00:00:00-04:00,224.78494262695312,89913.97705078125,361.5571746588486,16774.533408412968,107050.06763385308,0.003964211138836049,111295.68125633529,-0.03814715516861566
2024-08-19 00:00:00-04:00,224.62582397460935,89850.32958984374,287.6046547670356,16774.533408412968,106912.46765302375,-0.0012853796720612154,111295.68125633529,-0.03938350126287612
2024-08-20 00:00:00-04:00,225.24234008789065,90096.93603515626,234.03071757176548,16774.533408412968,107105.500161141,0.0018055191537036386,111295.68125633529,-0.03764908977504257
2024-08-21 00:00:00-04:00,225.1329803466797,90053.19213867188,212.9463856995656,16774.533408412968,107040.67193278442,-0.0006052745027943507,111295.68125633529,-0.0382315762437427
2024-08-22 00:00:00-04:00,223.2734222412109,89309.36889648436,265.77379552605436,16774.533408412968,106349.67610042338,-0.0064554511839661766,111295.68125633529,-0.044440225353581365
2024-08-23 00:00:00-04:00,225.5705108642578,90228.20434570312,149.27422036884934,16774.533408412968,107152.01197448495,0.007544318924901372,111295.68125633529,-0.03723117766184181
2024-08-26 00:00:00-04:00,225.90858459472656,90363.43383789062,77.80686762445512,16774.533408412968,107215.77411392806,0.000595062456300699,111295.68125633529,-0.03665827008157148
2024-08-27 00:00:00-04:00,226.7538299560547,90701.53198242188,47.38118824732673,16774.533408412968,107523.44657908217,0.0028696567058050793,111295.68125633529,-0.033893810026329206
2024-08-28 00:00:00-04:00,225.22247314453125,90088.9892578125,53.7341705978541,16774.533408412968,106917.25683682332,-0.005637744710991988,111295.68125633529,-0.0393404700891099
2024-08-29 00:00:00-04:00,228.5039978027344,91401.59912109376,12.02105717412838,16774.533408412968,108188.15358668087,0.011886731734963796,111295.68125633529,-0.027921367968422647
2024-08-30 00:00:00-04:00,227.71841430664065,91087.36572265626,8.988132096989965,16774.533408412968,107870.88726316622,-0.002932542177646602,111295.68125633529,-0.030772029556844226
2024-09-03 00:00:00-04:00,221.52330017089844,88609.32006835938,2.700996256227395,16774.533408412968,105386.55447302858,-0.02303061422009789,111295.68125633529,-0.05309394503544894
2024-09-04 00:00:00-04:00,219.6140289306641,87845.61157226564,0.521004420656701,16774.533408412968,104620.66598509927,-0.007267421273605801,111295.68125633529,-0.05997551024340445
2024-09-05 00:00:00-04:00,221.13548278808597,88454.19311523439,1219.5549135338383,15554.97849487913,105228.72652364736,0.00581204996950313,111295.68125633529,-0.05451204093638248
2024-09-06 00:00:00-04:00,219.58419799804688,87833.67919921875,1356.833228903477,15554.97849487913,104745.49092300136,-0.004592240318877283,111295.68125633529,-0.058853948863007405
2024-09-09 00:00:00-04:00,219.6737060546875,87869.482421875,1265.4067692097242,15554.97849487913,104689.86768596387,-0.0005310322816509672,111295.68125633529,-0.059353727797909483
2024-09-10 00:00:00-04:00,218.87815856933597,87551.26342773439,1325.0712274974717,15554.97849487913,104431.31315011099,-0.0024697188139396475,111295.68125633529,-0.061676859593629174
2024-09-11 00:00:00-04:00,221.4138946533203,88565.55786132812,1035.674396144276,15554.97849487913,105156.21075235153,0.0069413816639321,111295.68125633529,-0.05516360055196912
2024-09-12 00:00:00-04:00,221.52330017089844,88609.32006835938,998.7150504232801,15554.97849487913,105163.0136136618,6.469291030541946e-05,111295.68125633529,-0.05510247633552629
2024-09-13 00:00:00-04:00,221.2547912597656,88501.91650390624,996.5244159230338,15554.97849487913,105053.4194147084,-0.0010421363480130896,111295.68125633529,-0.05608718839008457
2024-09-16 00:00:00-04:00,215.10939025878903,86043.75610351561,1614.710608708947,15554.97849487913,103213.4452071037,-0.01751465319126111,111295.68125633529,-0.0726194939282204
2024-09-17 00:00:00-04:00,215.5767364501953,86230.69458007812,1517.0891628259255,15554.97849487913,103302.76223778319,0.000865362361466282,111295.68125633529,-0.0718169737435083
2024-09-18 00:00:00-04:00,219.45492553710935,87781.97021484374,1026.995910543215,15554.97849487913,104363.94462026609,0.010272546052933818,111295.68125633529,-0.06228217086073697
2024-09-19 00:00:00-04:00,227.5891265869141,91035.65063476564,408.11245662478655,15554.97849487913,106998.74158626956,0.025246237822749373,111295.68125633529,-0.03860832353565497
2024-09-20 00:00:00-04:00,226.9228973388672,90769.15893554688,419.97744086506117,15554.97849487913,106744.11487129107,-0.0023797169125882034,111295.68125633529,-0.04089616356775868
2024-09-23 00:00:00-04:00,225.2025604248047,90081.02416992188,442.6899158358353,15554.97849487913,106078.69258063684,-0.006233807750961939,111295.68125633529,-0.046875032497287326
2024-09-24 00:00:00-04:00,226.09754943847656,90439.01977539062,372.9844522167326,15554.97849487913,106366.98272248649,0.0027177007449492585,111295.68125633529,-0.044284724063075404
2024-09-25 00:00:00-04:00,225.1031188964844,90041.24755859376,399.98895320301386,15554.97849487913,105996.21500667592,-0.0034857406529797963,111295.68125633529,-0.04761609965308249
2024-09-26 00:00:00-04:00,226.2467041015625,90498.681640625,321.4306335677577,15554.97849487913,106375.09076907189,0.0035744272790505516,111295.68125633529,-0.044211872659553925
2024-09-27 00:00:00-04:00,226.5151824951172,90606.07299804688,288.1284405026477,15554.97849487913,106449.17993342866,0.0006964897874222054,111295.68125633529,-0.043546175989921866
2024-09-30 00:00:00-04:00,231.69602966308597,92678.41186523439,93.93386715477092,15554.97849487913,108327.3242272683,0.017643576916366976,111295.68125633529,-0.026670909379046735
2024-10-01 00:00:00-04:00,224.9440460205078,89977.61840820312,263.4440663141902,15554.97849487913,105796.04096939645,-0.023366987746889056,111295.68125633529,-0.04941467831327718
2024-10-02 00:00:00-04:00,225.5108184814453,90204.32739257812,218.2230434718619,15554.97849487913,105977.52893092913,0.0017154513521462356,111295.68125633529,-0.04778399543785924
2024-10-03 00:00:00-04:00,224.4070587158203,89762.82348632812,237.4140268265478,15554.97849487913,105555.2160080338,-0.003984928948197686,111295.68125633529,-0.05157850855937606
2024-10-04 00:00:00-04:00,225.5307464599609,90212.29858398436,174.03556103818119,15554.97849487913,105941.31263990168,0.0036577693312520587,111295.68125633529,-0.04810940151488424
2024-10-07 00:00:00-04:00,220.44932556152344,88179.73022460938,310.77145218328184,15554.97849487913,104045.48017167179,-0.0178951196751157,111295.68125633529,-0.06514359769239286
2024-10-08 00:00:00-04:00,224.5064849853516,89802.59399414064,118.76714648561233,15554.97849487913,105476.33963550538,0.013752250087872397,111295.68125633529,-0.052287218651610054
2024-10-09 00:00:00-04:00,228.25540161132807,91302.16064453122,38.5409777234738,15554.97849487913,106895.68011713383,0.013456482150719928,111295.68125633529,-0.03953433852538636
2024-10-10 00:00:00-04:00,227.75819396972656,91103.27758789062,33.05955468703203,15554.97849487913,106691.31563745679,-0.0019118123337921178,111295.68125633529,-0.04137056862317738
2024-10-11 00:00:00-04:00,226.2765350341797,90510.61401367188,36.769613049519734,15554.97849487913,106102.36212160053,-0.005520163589111227,111295.68125633529,-0.046662359905714136
2024-10-14 00:00:00-04:00,230.00555419921875,92002.2216796875,1.856933067954314,15554.97849487913,107559.0571076346,0.013729147560019417,111295.68125633529,-0.033573846770339005
2024-10-15 00:00:00-04:00,232.5412750244141,93016.51000976564,0.1599929270717254,15554.97849487913,108571.64849757185,0.009414282880185088,111295.68125633529,-0.024475637581025885
2024-10-16 00:00:00-04:00,230.48284912109372,92193.13964843749,0.1083280412885329,15554.97849487913,107748.2264713579,-0.007584134878751092,111295.68125633529,-0.03187414592311909
2024-10-17 00:00:00-04:00,230.8507843017578,92340.31372070312,0.006594167034288702,15554.97849487913,107895.29880974929,0.0013649629623415649,111295.68125633529,-0.030552689989418923
2024-10-18 00:00:00-04:00,233.68484497070312,93473.93798828125,1.1113344690422384e-06,15554.97849487913,109028.91648427171,0.010506645674352555,111295.68125633529,-0.02036705060318359
2024-10-21 00:00:00-04:00,235.15655517578125,94062.6220703125,1296.8806665420716,14258.097828337057,109617.60056519162,0.005399339000170977,111295.68125633529,-0.0150776802136529
2024-10-22 00:00:00-04:00,234.5400390625,93816.015625,1332.3030354322725,14258.097828337057,109406.41648876932,-0.0019265526278027245,111295.68125633529,-0.016975184897018863
2024-10-23 00:00:00-04:00,229.46856689453125,91787.4267578125,1913.9242788472757,14258.097828337057,107959.44886499684,-0.013225619394279353,111295.68125633529,-0.029976296956702782
2024-10-24 00:00:00-04:00,229.27963256835935,91711.85302734374,1908.9293985481902,14258.097828337057,107878.88025422898,-0.0007462858658032756,111295.68125633529,-0.030700211935778186
2024-10-25 00:00:00-04:00,230.1149444580078,92045.97778320312,1763.8547442379434,14258.097828337057,108067.93035577814,0.0017524292160211452,111295.68125633529,-0.02900158266809131
2024-10-28 00:00:00-04:00,232.09378051757807,92837.51220703122,1423.2304623861637,14258.097828337057,108518.84049775443,0.004172469487403019,111295.68125633529,-0.024950121399457213
2024-10-29 00:00:00-04:00,232.36227416992188,92944.90966796875,1360.9112206533098,14258.097828337057,108563.9187169591,0.00041539532672763,111295.68125633529,-0.024545090236560138
2024-10-30 00:00:00-04:00,228.8122711181641,91524.90844726564,1777.6016815053367,14258.097828337057,107560.60795710803,-0.009241659399444102,111295.68125633529,-0.03355991227210932
2024-10-31 00:00:00-04:00,224.6457061767578,89858.28247070312,2401.5181349143404,14258.097828337057,106517.89843395451,-0.009694157953898164,111295.68125633529,-0.04292873513552268
2024-11-01 00:00:00-04:00,221.6625213623047,88665.00854492188,2933.449416251261,14258.097828337057,105856.5557895102,-0.006208746644155605,111295.68125633529,-0.04887094813946772
2024-11-04 00:00:00-05:00,220.76751708984372,88307.00683593749,2974.245846467227,14258.097828337057,105539.35051074176,-0.002996557713432324,111295.68125633529,-0.05172106123628998
2024-11-05 00:00:00-05:00,222.199462890625,88879.78515625,2637.6335961841505,14258.097828337057,105775.51658077122,0.002237706304677456,111295.68125633529,-0.0495990914764255
2024-11-06 00:00:00-05:00,221.4735565185547,88589.42260742188,2747.130192473321,14258.097828337057,105594.65062823225,-0.0017099037507498638,111295.68125633529,-0.05122418555462605
2024-11-07 00:00:00-05:00,226.2069091796875,90482.763671875,1832.1356871749288,14258.097828337057,106572.997187387,0.009265114788808981,111295.68125633529,-0.042433668724944015
2024-11-08 00:00:00-05:00,225.93814086914065,90375.25634765626,1834.2156628904092,14258.097828337057,106467.56983888373,-0.000989250103549999,111295.68125633529,-0.0433809413173139
2024-11-11 00:00:00-05:00,223.22044372558597,89288.17749023439,2185.4573150924466,14258.097828337057,105731.7326336639,-0.0069113741051229916,111295.68125633529,-0.04999249350796059
2024-11-12 00:00:00-05:00,223.22044372558597,89288.17749023439,2140.0841949939095,14258.097828337057,105686.35951356534,-0.0004291343664607483,111295.68125633529,-0.05040017437739205
2024-11-13 00:00:00-05:00,224.10641479492188,89642.56591796875,1927.470720541777,14258.097828337057,105828.13446684758,0.0013414687944099946,111295.68125633529,-0.049126315844142225
2024-11-14 00:00:00-05:00,227.1924591064453,90876.98364257812,1373.7268598470166,14258.097828337057,106508.8083307622,0.006431880022678138,111295.68125633529,-0.04301041039092973
2024-11-15 00:00:00-05:00,223.9869537353516,89594.78149414064,1852.3300501648862,14258.097828337057,105705.2093726426,-0.007544906104141491,111295.68125633529,-0.05023080698717108
2024-11-18 00:00:00-05:00,226.9933624267578,90797.34497070312,1203.3451123822488,14258.097828337057,106258.78791142243,0.005237003380110794,111295.68125633529,-0.04525686251303788
2024-11-19 00:00:00-05:00,227.252197265625,90900.87890625,1113.1032296462877,14258.097828337057,106272.07996423336,0.0001250913272416998,111295.68125633529,-0.04513743242679481
2024-11-20 00:00:00-05:00,227.9689483642578,91187.57934570312,962.3741316816165,14258.097828337057,106408.0513057218,0.0012794643855114085,111295.68125633529,-0.04391571977852701
2024-11-21 00:00:00-05:00,227.49110412597656,90996.44165039062,968.9476104414155,14258.097828337057,106223.4870891691,-0.0017344948459062648,111295.68125633529,-0.045574043034823215
2024-11-22 00:00:00-05:00,228.8350372314453,91534.01489257812,746.3907039111575,14258.097828337057,106538.50342482634,0.0029655996455173472,111295.68125633529,-0.042743597755174834
2024-11-25 00:00:00-05:00,231.82151794433597,92728.60717773439,319.986887870877,14258.097828337057,107306.69189394233,0.007210430449288596,111295.68125633529,-0.0358413670446524
2024-11-26 00:00:00-05:00,234.0016632080078,93600.66528320312,163.91734971021208,14258.097828337057,108022.68046125039,0.006672357097875281,111295.68125633529,-0.0294081563465751
2024-11-27 00:00:00-05:00,233.87225341796875,93548.9013671875,132.23563607685804,14258.097828337057,107939.23483160141,-0.000772482494349136,111295.68125633529,-0.03015792155495537
2024-11-29 00:00:00-05:00,236.26144409179688,94504.57763671875,27.676628012832794,14258.097828337057,108790.35209306865,0.007885151889348574,111295.68125633529,-0.022510569457734695
2024-12-02 00:00:00-05:00,238.51126098632807,95404.50439453122,0.08310833924522754,14258.097828337057,109662.68533120753,0.008018479776521037,111295.68125633529,-0.014672590227168464
2024-12-03 00:00:00-05:00,241.5574951171875,96622.998046875,2.177547510501178e-07,14258.097828337057,110881.0958754298,0.011110529899412747,111295.68125633529,-0.0037250805801764477
2024-12-04 00:00:00-05:00,241.91586303710935,96766.34521484374,0.0,14258.097828337057,111024.4430431808,0.0012928007846535472,111295.68125633529,-0.0024370955826199018
2024-12-05 00:00:00-05:00,241.94573974609372,96778.29589843749,1334.3227961235384,12923.775032213518,111036.39372677455,0.00010764011298936005,111295.68125633529,-0.0023297177988744096
2024-12-06 00:00:00-05:00,241.74664306640625,96698.6572265625,1326.2238895344326,12923.775032213518,110948.65614831046,-0.0007901695608016901,111295.68125633529,-0.003118046487586179
2024-12-09 00:00:00-05:00,245.63902282714844,98255.60913085938,900.5493462695426,12923.775032213518,112079.93350934243,0.010196404357703415,112079.93350934243,0.0
2024-12-10 00:00:00-05:00,246.65444946289065,98661.77978515626,800.9645401991492,12923.775032213518,112386.51935756893,0.002735421396381721,112386.51935756893,0.0
2024-12-11 00:00:00-05:00,245.3802032470703,98152.08129882812,868.2865078005136,12923.775032213518,111944.14283884215,-0.003936206239462892,112386.51935756893,-0.003936206239462941
2024-12-12 00:00:00-05:00,246.84361267089844,98737.44506835938,738.2756651846648,12923.775032213518,112399.49576575754,0.004067679785363376,112399.49576575754,0.0
2024-12-13 00:00:00-05:00,247.0128173828125,98805.126953125,702.2673181966496,12923.775032213518,112431.16930353516,0.00028179430487518253,112431.16930353516,0.0
2024-12-16 00:00:00-05:00,249.9097137451172,99963.88549804688,468.8672189508239,12923.775032213518,113356.5277492112,0.00823044402551587,113356.5277492112,0.0
2024-12-17 00:00:00-05:00,252.33872985839844,100935.49194335938,344.81537338140953,12923.775032213518,114204.08234895431,0.007476892743382368,114204.08234895431,0.0
2024-12-18 00:00:00-05:00,246.9331817626953,98773.27270507812,582.1044918219144,12923.775032213518,112279.15222911356,-0.01685517785571855,114204.08234895431,-0.016855177855718516
2024-12-19 00:00:00-05:00,248.66534423828125,99466.1376953125,463.2942217664507,12923.775032213518,112853.20694929248,0.0051127454098292,114204.08234895431,-0.011828608679102981
2024-12-20 00:00:00-05:00,253.3441925048828,101337.67700195312,257.53785046813533,12923.775032213518,114518.98988463476,0.01476061673719875,114518.98988463476,0.0
2024-12-23 00:00:00-05:00,254.1206970214844,101648.27880859376,188.4062512467807,12923.775032213518,114760.46009205407,0.0021085604026245264,114760.46009205407,0.0
2024-12-24 00:00:00-05:00,257.0374755859375,102814.990234375,116.2790088809011,12923.775032213518,115855.04427546941,0.009537990546023778,115855.04427546941,0.0
2024-12-26 00:00:00-05:00,257.853759765625,103141.50390625,83.70662518600227,12923.775032213518,116148.98556364953,0.0025371470877109115,116148.98556364953,0.0
2024-12-27 00:00:00-05:00,254.4392242431641,101775.68969726564,125.18950641658222,12923.775032213518,114824.65423589575,-0.011402005117195357,116148.98556364953,-0.011402005117195359
2024-12-30 00:00:00-05:00,251.0644989013672,100425.79956054688,151.29065401189692,12923.775032213518,113500.8652467723,-0.01152878707044791,116148.98556364953,-0.022799340898471007
2024-12-31 00:00:00-05:00,249.29251098632807,99717.00439453122,178.5778394882783,12923.775032213518,112819.35726623301,-0.006004429825777646,116148.98556364953,-0.0286668736817498
2025-01-02 00:00:00-05:00,242.75210571289065,97100.84228515626,394.29826190160213,12923.775032213518,110418.91557927139,-0.02127686015172936,116148.98556364953,-0.04933379277116522
2025-01-03 00:00:00-05:00,242.2642974853516,96905.71899414064,388.140124966597,12923.775032213518,110217.63415132076,-0.0018228890122192754,116148.98556364953,-0.051066751754610895
2025-01-06 00:00:00-05:00,243.89691162109372,97558.76464843749,212.06314855112254,12923.775032213518,110694.60282920214,0.004327516930970665,116148.98556364953,-0.04696022705646793
2025-01-07 00:00:00-05:00,241.11949157714844,96447.79663085938,305.76181643992584,12923.775032213518,109677.33347951283,-0.009189873071399068,116148.98556364953,-0.05571854160181401
2025-01-08 00:00:00-05:00,241.60726928710935,96642.90771484374,243.6270145575662,12923.775032213518,109810.30976161483,0.001212431756711485,116148.98556364953,-0.054573664774378215
2025-01-10 00:00:00-05:00,235.7836151123047,94313.44604492188,550.6862718226785,12923.775032213518,107787.90734895808,-0.018417236205299337,116148.98556364953,-0.07198580490493904
2025-01-13 00:00:00-05:00,233.3446502685547,93337.86010742188,599.711398912217,12923.775032213518,106861.3465385476,-0.008596148057785191,116148.98556364953,-0.07996315232570254
2025-01-14 00:00:00-05:00,232.22967529296875,92891.8701171875,654.937786637538,12923.775032213518,106470.58293603855,-0.003656734779849402,116148.98556364953,-0.08332748306533615
2025-01-15 00:00:00-05:00,236.79901123046875,94719.6044921875,151.36709250800777,12923.775032213518,107794.74661690902,0.012436897069173947,116148.98556364953,-0.07192692132607909
2025-01-16 00:00:00-05:00,227.2322998046875,90892.919921875,1437.271881320305,12923.775032213518,105253.96683540882,-0.02357053438355261,116148.98556364953,-0.09380209973741228
2025-01-17 00:00:00-05:00,228.9445343017578,91577.81372070312,864.6455828617263,12923.775032213518,105366.23433577837,0.0010666343867600236,116148.98556364953,-0.09283551789578247
2025-01-21 00:00:00-05:00,221.63758850097656,88655.03540039062,1222.3240100241355,11701.451022189383,101578.81043260415,-0.03594532847310983,116148.98556364953,-0.12544384318415713
2025-01-22 00:00:00-05:00,222.8222198486328,89128.88793945312,1082.9139604545703,11701.451022189383,101913.25292209708,0.0032924434541869996,116148.98556364953,-0.12256441649032991
2025-01-23 00:00:00-05:00,222.65301513671875,89061.2060546875,1073.423346434029,11701.451022189383,101836.08042331092,-0.0007572371264131794,116148.98556364953,-0.1232288432901995
2025-01-24 00:00:00-05:00,221.7769470214844,88710.77880859376,1130.819231308766,11701.451022189383,101543.04906209192,-0.002877480751428574,116148.98556364953,-0.12575173541703968
2025-01-27 00:00:00-05:00,228.82508850097656,91530.03540039062,534.0694966774706,11701.451022189383,103765.55591925749,0.021887336235162147,116148.98556364953,-0.10661676969710544
2025-01-28 00:00:00-05:00,237.18724060058597,94874.89624023439,203.6718034201023,11701.451022189383,106780.01906584388,0.029050710709168426,116148.98556364953,-0.08066335192115362
2025-01-29 00:00:00-05:00,238.2823181152344,95312.92724609376,168.40256199959356,11701.451022189383,107182.78083028275,0.00377188324147526,116148.98556364953,-0.07719572142499097
2025-01-30 00:00:00-05:00,236.5202789306641,94608.11157226564,196.37329634821654,11701.451022189383,106505.93589080324,-0.006314866382793771,116148.98556364953,-0.08302310714166253
2025-01-31 00:00:00-05:00,234.93743896484372,93974.97558593749,224.28809399891279,11701.451022189383,105900.71470212578,-0.005682511341884022,116148.98556364953,-0.08823383873557558
2025-02-03 00:00:00-05:00,226.98341369628903,90793.36547851561,488.60724838954326,11701.451022189383,102983.42374909454,-0.027547415154249966,116148.98556364953,-0.11335063970352355
2025-02-04 00:00:00-05:00,231.7518615722656,92700.74462890624,261.9918689057016,11701.451022189383,104664.18752000133,0.016320721429904594,116148.98556364953,-0.09887988248812164
2025-02-05 00:00:00-05:00,231.42333984375,92569.3359375,256.7829394260073,11701.451022189383,104527.56989911539,-0.0013052948111772489,116148.98556364953,-0.10005610990175733
2025-02-06 00:00:00-05:00,232.16995239257807,92867.98095703122,218.02173279647405,11701.451022189383,104787.45371201709,0.0024862704944974556,116148.98556364953,-0.09781860596110277
2025-02-07 00:00:00-05:00,226.60513305664065,90642.05322265626,419.339202548737,11701.451022189383,102762.84344739439,-0.01932111329078423,116148.98556364953,-0.11524975488416597
2025-02-10 00:00:00-05:00,226.8741912841797,90749.67651367188,339.11298223377173,11701.451022189383,102790.24051809503,0.0002666048328514581,116148.98556364953,-0.11501387619295154
2025-02-11 00:00:00-05:00,231.82725524902344,92730.90209960938,154.0570644784708,11701.451022189383,104586.41018627724,0.017474126523383537,116148.98556364953,-0.09954951669410851
2025-02-12 00:00:00-05:00,236.06277465820312,94425.10986328125,69.88543185457061,11701.451022189383,106196.4463173252,0.01539431488450882,116148.98556364953,-0.08568769841618937
2025-02-13 00:00:00-05:00,240.70689392089844,96282.75756835938,26.224384876204887,11701.451022189383,108010.43297542496,0.01708142523601408,116148.98556364953,-0.07006994119431764
2025-02-14 00:00:00-05:00,243.7664337158203,97506.57348632812,11.889080928886298,11701.451022189383,109219.9135894464,0.011197812847362876,116148.98556364953,-0.0596567584346745
2025-02-18 00:00:00-05:00,243.6368865966797,97454.75463867188,4.681434542456664,11701.451022189383,109160.88709540371,-0.0005404371062274205,116148.98556364953,-0.06016495481500655
2025-02-19 00:00:00-05:00,244.03550720214844,97614.20288085938,3.107084354356582,11701.451022189383,109318.76098740312,0.0014462496247527046,116148.98556364953,-0.058805718733578254
2025-02-20 00:00:00-05:00,244.9922637939453,97996.90551757812,1.6778214550413173,11701.451022189383,109700.03436122256,0.003487721324095139,116148.98556364953,-0.05552309536868886
2025-02-21 00:00:00-05:00,244.71319580078125,97885.2783203125,1.2131898668944041,11701.451022189383,109587.94253236878,-0.0010218030423280178,116148.98556364953,-0.056488164743249636
2025-02-24 00:00:00-05:00,246.25791931152344,98503.16772460938,0.1368106556399018,11701.451022189383,110204.7555574544,0.005628475275949674,116148.98556364953,-0.051177631705941216
2025-02-25 00:00:00-05:00,246.1981201171875,98479.248046875,0.06436252643438334,11701.451022189383,110180.76343159082,-0.0002177049959615207,116148.98556364953,-0.051384195075798854
2025-02-26 00:00:00-05:00,239.5408935546875,95816.357421875,0.44141847376229504,11701.451022189383,107518.24986253816,-0.02416495843855515,116148.98556364953,-0.07430745657594869
2025-02-27 00:00:00-05:00,236.49131774902344,94596.52709960938,0.7188050634691856,11701.451022189383,106298.69692686223,-0.011342752855772131,116148.98556364953,-0.08480735831643876
2025-02-28 00:00:00-05:00,241.01583862304688,96406.33544921875,0.031781549271254345,11701.451022189383,108107.81825295741,0.017019223926516558,116148.98556364953,-0.06923148981172608
2025-03-03 00:00:00-05:00,237.21881103515625,94887.5244140625,0.0011590823150348355,11701.451022189383,106588.9765953342,-0.014049323001499636,116148.98556364953,-0.08230815725098571
2025-03-04 00:00:00-05:00,235.1259765625,94050.390625,0.00020319159697576106,11701.451022189383,105751.84185038098,-0.007853858547975379,116148.98556364953,-0.08951557917456737
2025-03-05 00:00:00-05:00,234.93663024902344,93974.65209960938,4.006920846207082e-07,11701.451022189383,105676.10312219945,-0.0007161929934864641,116148.98556364953,-0.09016766173744113
2025-03-06 00:00:00-05:00,234.5280303955078,93811.21215820312,1.1210299793101885e-14,11701.451022189383,105512.66318039251,-0.0015466121192786453,116148.98556364953,-0.09157481945830967
2025-03-07 00:00:00-05:00,238.2552947998047,95302.11791992188,1313.9701136384501,10387.480908550933,107003.56894211126,0.01413011212852977,116148.98556364953,-0.0787386697968756
2025-03-10 00:00:00-04:00,226.70477294921875,90681.9091796875,2836.282465320494,10387.480908550933,103905.67255355892,-0.02895133703650854,116148.98556364953,-0.10541041706628844
2025-03-11 00:00:00-04:00,220.08740234375,88034.9609375,4205.264316640671,10387.480908550933,102627.70616269161,-0.01229929376770622,116148.98556364953,-0.11641323714831994
2025-03-12 00:00:00-04:00,216.2405548095703,86496.22192382812,5162.43459783459,10387.480908550933,102046.13743021365,-0.005666780971953278,116148.98556364953,-0.12142032980311768
2025-03-13 00:00:00-04:00,208.9654235839844,83586.16943359376,7324.934683114839,10387.480908550933,101298.58502525954,-0.007325631560188617,116148.98556364953,-0.127856480763252
2025-03-14 00:00:00-04:00,212.762451171875,85104.98046875,6111.795042072925,10387.480908550933,101604.25641937385,0.0030175287644746973,116148.98556364953,-0.12522476260720491
2025-03-17 00:00:00-04:00,213.27072143554688,85308.28857421875,5888.595629924828,10387.480908550933,101584.3651126945,-0.00019577237588597196,116148.98556364953,-0.1253960194337955
2025-03-18 00:00:00-04:00,211.96519470214844,84786.07788085938,6267.742444864643,10387.480908550933,101441.30123427496,-0.0014083257621468892,116148.98556364953,-0.12662774675130314
2025-03-19 00:00:00-04:00,214.5064849853516,85802.59399414064,5469.190813077671,10387.480908550933,101659.26571576924,0.00214867592235346,116148.98556364953,-0.1247511528194961
2025-03-20 00:00:00-04:00,213.37039184570312,85348.15673828125,5785.870243168836,10387.480908550933,101521.50789000103,-0.0013550936532767954,116148.98556364953,-0.12593719697734823
2025-03-21 00:00:00-04:00,217.52618408203125,87010.4736328125,4552.668069154106,10387.480908550933,101950.62261051754,0.004226835568493126,116148.98556364953,-0.12224267723243523
2025-03-24 00:00:00-04:00,219.977783203125,87991.11328125,3805.7351565101158,10387.480908550933,102184.32934631105,0.0022923522172721977,116148.98556364953,-0.1202305482873621
2025-03-25 00:00:00-04:00,222.9875030517578,89195.00122070312,3047.5934176503697,10387.480908550933,102630.07554690442,0.00436217767875835,116148.98556364953,-0.11639283762264768
2025-03-26 00:00:00-04:00,220.77505493164065,88310.02197265626,3531.2245592267914,10387.480908550933,102228.72744043398,-0.0039106285787250394,116148.98556364953,-0.11984829704420674
2025-03-27 00:00:00-04:00,223.087158203125,89234.86328125,2943.671611877454,10387.480908550933,102566.01580167838,0.0032993500915965424,116148.98556364953,-0.11694436844244065
2025-03-28 00:00:00-04:00,217.1574249267578,86862.96997070312,4429.476286002784,10387.480908550933,101679.92716525684,-0.008639203048843025,116148.98556364953,-0.12457326534689071
2025-03-31 00:00:00-04:00,221.37301635742188,88549.20654296875,3179.26891763758,10387.480908550933,102115.95636915727,0.004288252520005864,116148.98556364953,-0.12081921444593399
2025-04-01 00:00:00-04:00,222.42941284179688,88971.76513671875,2877.447278375064,10387.480908550933,102236.69332364475,0.0011823515029425469,116148.98556364953,-0.11977971372277599
2025-04-02 00:00:00-04:00,223.1270294189453,89250.81176757812,2666.9347481192062,10387.480908550933,102305.22742424827,0.0006703473907021529,116148.98556364953,-0.119189660350627
2025-04-03 00:00:00-04:00,202.4975433349609,80999.01733398436,9446.854796827984,10387.480908550933,100833.35303936328,-0.01438708873380723,116148.98556364953,-0.1318619568648174
2025-04-04 00:00:00-04:00,187.738037109375,75095.21484375,15315.711047698289,10387.480908550933,100798.40679999923,-0.00034657420695327623,116148.98556364953,-0.1321628311186429
2025-04-07 00:00:00-04:00,180.84161376953125,72336.6455078125,18096.24889980513,10387.480908550933,100820.37531616856,0.00021794507340699987,116148.98556364953,-0.13197369028316575
2025-04-08 00:00:00-04:00,171.8323974609375,68732.958984375,21707.366527770533,10387.480908550933,100827.80642069646,7.370637636094912e-05,116148.98556364953,-0.1319097112092906
2025-04-09 00:00:00-04:00,198.1723480224609,79268.93920898436,11180.825734938277,10387.480908550933,100837.24585247357,9.36193309386546e-05,116148.98556364953,-0.13182844117725975
2025-04-10 00:00:00-04:00,189.7710723876953,75908.42895507812,14546.786201358736,10387.480908550933,100842.6960649878,5.404959713195545e-05,116148.98556364953,-0.13178151685426387
2025-04-11 00:00:00-04:00,197.47471618652344,78989.88647460938,11473.227147292142,10387.480908550933,100850.59453045245,7.83246161879525e-05,116148.98556364953,-0.13171351397480419
2025-04-14 00:00:00-04:00,201.8298492431641,80731.93969726564,9753.382457120233,10387.480908550933,100872.8030629368,0.00022021221181445227,116148.98556364953,-0.13152230668722803
2025-04-15 00:00:00-04:00,201.4511260986328,80580.45043945312,9912.023141844827,10387.480908550933,100879.95448984888,7.089549110306237e-05,116148.98556364953,-0.13146073553464863
2025-04-16 00:00:00-04:00,193.6079559326172,77443.18237304688,13056.630325705873,10387.480908550933,100887.29360730368,7.275099886716596e-05,116148.98556364953,-0.1313975484356035
2025-04-17 00:00:00-04:00,196.3087158203125,78523.486328125,11983.76500620774,10387.480908550933,100894.73224288368,7.373213527706035e-05,116148.98556364953,-0.13133350452214274
2025-04-21 00:00:00-04:00,192.50173950195312,77000.69580078125,13536.316223144524,10387.480908550933,100924.49293247671,0.0002949677245922544,116148.98556364953,-0.131077275942542
2025-04-22 00:00:00-04:00,199.059326171875,79623.73046875,1097.8056359697148,9289.675272581218,90011.21137730093,-0.10813313238519107,116148.98556364953,-0.22503661189554794
2025-04-23 00:00:00-04:00,203.9027557373047,81561.10229492188,671.1986900895312,9289.675272581218,91521.97625759261,0.016784185627265913,116148.98556364953,-0.21202948253526796
2025-04-24 00:00:00-04:00,207.65989685058597,83063.95874023439,436.99684657875935,9289.675272581218,92790.63085939435,0.013861748332783641,116148.98556364953,-0.20110683352851863
2025-04-25 00:00:00-04:00,208.5668029785156,83426.72119140624,380.3973895061162,9289.675272581218,93096.79385349358,0.0032995033147598107,116148.98556364953,-0.198470882877607
2025-04-28 00:00:00-04:00,209.4238739013672,83769.54956054688,303.12751957170434,9289.675272581218,93362.35235269979,0.0028524988693392483,116148.98556364953,-0.19618452197727282
2025-04-29 00:00:00-04:00,210.490234375,84196.09375,253.30813035061226,9289.675272581218,93739.07715293183,0.0040350825652815114,116148.98556364953,-0.19294106015619994
2025-04-30 00:00:00-04:00,211.7758331298828,84710.33325195312,203.72252572867566,9289.675272581218,94203.73105026301,0.004956885766787655,116148.98556364953,-0.18894056118432942
2025-05-01 00:00:00-04:00,212.59304809570312,85037.21923828125,172.4226748979369,9289.675272581218,94499.31718576042,0.0031377327861854543,116148.98556364953,-0.18639567339161234
2025-05-02 00:00:00-04:00,204.65020751953125,81860.0830078125,453.45774963113143,9289.675272581218,91603.21603002484,-0.030646794516436815,116148.98556364953,-0.2113300380068635
2025-05-05 00:00:00-04:00,198.21221923828125,79284.8876953125,858.7963150189637,9289.675272581218,89433.35928291269,-0.023687560777352346,116148.98556364953,-0.2300117056648481
2025-05-06 00:00:00-04:00,197.83351135253903,79133.40454101561,868.2830120697815,9289.675272581218,89291.36282566661,-0.0015877348048269901,116148.98556364953,-0.23123424287907335
2025-05-07 00:00:00-04:00,195.58120727539065,78232.48291015626,1081.8741153934752,9289.675272581218,88604.03229813097,-0.007697614929201957,116148.98556364953,-0.23715190564814664
2025-05-08 00:00:00-04:00,196.8169860839844,78726.79443359376,914.4155447229991,9289.675272581218,88930.88525089799,0.0036889173583798396,116148.98556364953,-0.23433782207108517
2025-05-09 00:00:00-04:00,197.8534393310547,79141.37573242188,782.2738288182023,9289.675272581218,89213.3248338213,0.003175944803950559,116148.98556364953,-0.23190612125551038
2025-05-12 00:00:00-04:00,210.34713745117188,84138.85498046875,105.42338404675533,9289.675272581218,93533.95363709671,0.04843030804337234,116148.98556364953,-0.19470709810168602
2025-05-13 00:00:00-04:00,212.48263549804688,84993.05419921875,64.73520650284001,9289.675272581218,94347.46467830281,0.008697494434614095,116148.98556364953,-0.18770306756919117
2025-05-14 00:00:00-04:00,211.88389587402344,84753.55834960938,64.34728725537866,9289.675272581218,94107.58090944597,-0.00254255659836522,116148.98556364953,-0.18976837849457492
2025-05-15 00:00:00-04:00,211.00575256347656,84402.30102539062,67.36646816984155,9289.675272581218,93759.3427661417,-0.003700426043671934,116148.98556364953,-0.19276658068820013
2025-05-16 00:00:00-04:00,210.81614685058597,84326.45874023439,61.534419041980826,9289.675272581218,93677.6684318576,-0.0008711060879320609,116148.98556364953,-0.19346976663414484
2025-05-19 00:00:00-04:00,208.3413543701172,83336.54174804688,67.51759020553045,9289.675272581218,92693.73461083364,-0.010503397848118823,116148.98556364953,-0.20194107455172258
2025-05-20 00:00:00-04:00,206.42539978027344,82570.15991210938,87.89519038076108,9289.675272581218,91947.73037507135,-0.008048054584210207,116148.98556364953,-0.2083638963451465
2025-05-21 00:00:00-04:00,201.6654052734375,80666.162109375,205.10853223636474,9289.675272581218,90160.94591419259,-0.019432610827805563,116148.98556364953,-0.22374745266471158
2025-05-22 00:00:00-04:00,200.9369354248047,80374.77416992188,211.84923256838317,9289.675272581218,89876.29867507148,-0.0031571012951884247,116148.98556364953,-0.22619816058729716
2025-05-23 00:00:00-04:00,194.85975646972656,77943.90258789062,597.7466849715114,9289.675272581218,87831.32454544335,-0.022753208129111968,116148.98556364953,-0.24380463489014403
2025-05-27 00:00:00-04:00,199.78936767578125,79915.7470703125,132.10879657728754,9289.675272581218,89337.53113947102,0.01714885437311575,116148.98556364953,-0.2308367506962501
2025-05-28 00:00:00-04:00,199.99891662597656,79999.56665039062,101.18935059222167,9289.675272581218,89390.43127356406,0.0005921378553708223,116148.98556364953,-0.2303813000193774
2025-05-29 00:00:00-04:00,199.5299072265625,79811.962890625,90.69690656958187,9289.675272581218,89192.33506977581,-0.002216078398615151,116148.98556364953,-0.23208683539557476
2025-05-30 00:00:00-04:00,200.4280242919922,80171.20971679688,49.7567120554784,9289.675272581218,89510.64170143357,0.003568766659250988,116148.98556364953,-0.22934633249653458
2025-06-02 00:00:00-04:00,201.27622985839844,80510.49194335938,5.627831314028686,9289.675272581218,89805.79504725462,0.0032974106788949964,116148.98556364953,-0.22680517086357907
2025-06-03 00:00:00-04:00,202.84292602539065,81137.17041015626,0.46635248094957227,9289.675272581218,90427.31203521843,0.006920677976702816,116148.98556364953,-0.22145413843787423
2025-06-04 00:00:00-04:00,202.39389038085935,80957.55615234374,0.04106504233829522,9289.675272581218,90247.27248996729,-0.0019909863646175863,116148.98556364953,-0.2230042126324739
2025-06-05 00:00:00-04:00,200.20849609375,80083.3984375,0.0013508006631444275,9289.675272581218,89373.07506088188,-0.009686690854647129,116148.98556364953,-0.23053073062006627
2025-06-06 00:00:00-04:00,203.49156188964844,81396.62475585938,1122.2492701590368,8167.426002422182,90686.3000284406,0.014693742681049615,116148.98556364953,-0.21922434717482234
2025-06-09 00:00:00-04:00,201.0267639160156,80410.70556640624,1316.006063876415,8167.426002422182,89894.13763270483,-0.00873519368953557,116148.98556364953,-0.22604457373032386
2025-06-10 00:00:00-04:00,202.2441864013672,80897.67456054688,1153.9508165892016,8167.426002422182,90219.05137955827,0.0036144041804035965,116148.98556364953,-0.22324718600216864
2025-06-11 00:00:00-04:00,198.36236572265625,79344.9462890625,1602.819665551658,8167.426002422182,89115.19195703634,-0.012235325085362625,116148.98556364953,-0.2327510091924023
2025-06-12 00:00:00-04:00,198.78147888183597,79512.59155273439,1517.4608832598722,8167.426002422182,89197.47843841645,0.0009233720937253942,116148.98556364953,-0.23204255288535156
2025-06-13 00:00:00-04:00,196.03726196289065,78414.90478515626,1892.697859905445,8167.426002422182,88475.0286474839,-0.008099441862937318,116148.98556364953,-0.2382625795814664
2025-06-16 00:00:00-04:00,198.0031280517578,79201.25122070312,1508.1908695540676,8167.426002422182,88876.86809267937,0.004541840238295514,116148.98556364953,-0.23480288991439416
2025-06-17 00:00:00-04:00,195.2289581298828,78091.58325195312,1903.6077869451049,8167.426002422182,88162.61704132042,-0.008036411123467424,116148.98556364953,-0.24095232848153122
2025-06-18 00:00:00-04:00,196.1669769287109,78466.79077148436,1719.4251693214824,8167.426002422182,88353.64194322802,0.002166733569377577,116148.98556364953,-0.23930767441089434
2025-06-20 00:00:00-04:00,200.57769775390625,80231.0791015625,1062.399848128743,8167.426002422182,89460.90495211343,0.012532171674336734,116148.98556364953,-0.22977454759526128
2025-06-23 00:00:00-04:00,201.07666015625,80430.6640625,917.3229753732784,8167.426002422182,89515.41304029546,0.0006092950681777509,116148.98556364953,-0.22930525302572616
2025-06-24 00:00:00-04:00,199.87918090820312,79951.67236328125,1017.6652190700111,8167.426002422182,89136.76358477345,-0.004229991714963854,116148.98556364953,-0.23256528542019347
2025-06-25 00:00:00-04:00,201.13653564453125,80454.6142578125,849.1625902865678,8167.426002422182,89471.20285052125,0.0037519790072895187,116148.98556364953,-0.22968588648162477
2025-06-26 00:00:00-04:00,200.57769775390625,80231.0791015625,875.2827491219165,8167.426002422182,89273.78785310661,-0.0022064641038129773,116148.98556364953,-0.23138555692176357
2025-06-27 00:00:00-04:00,200.65753173828125,80263.0126953125,834.1297884078443,8167.426002422182,89264.56848614253,-0.00010327070449001052,116148.98556364953,-0.23146493227678147
2025-06-30 00:00:00-04:00,204.7389373779297,81895.57495117188,407.7698758628358,8167.426002422182,90470.7708294569,0.013512666489858605,116148.98556364953,-0.2210799742208768
2025-07-01 00:00:00-04:00,207.3833770751953,82953.35083007812,247.7631128756201,8167.426002422182,91368.53994537593,0.009923305700703988,116148.98556364953,-0.2133505126886704
2025-07-02 00:00:00-04:00,211.99366760253903,84797.46704101561,96.53167736299864,8167.426002422182,93061.4247208008,0.018528092672127183,116148.98556364953,-0.1987753980872848
2025-07-03 00:00:00-04:00,213.10134887695312,85240.53955078125,67.29720732842033,8167.426002422182,93475.26276053186,0.004446934279940695,116148.98556364953,-0.19521240493910727
2025-07-07 00:00:00-04:00,209.50889587402344,83803.55834960938,78.14946290917248,8167.426002422182,92049.13381494074,-0.015256752465565349,116148.98556364953,-0.207490850064309
2025-07-08 00:00:00-04:00,209.5687713623047,83827.50854492188,63.94167157417101,8167.426002422182,92058.87621891823,0.00010583917060080772,116148.98556364953,-0.2074069715531863
2025-07-09 00:00:00-04:00,210.69639587402344,84278.55834960938,38.282851374661675,8167.426002422182,92484.26720340623,0.004620857889644503,116148.98556364953,-0.20374451180441058
2025-07-10 00:00:00-04:00,211.96372985839844,84785.49194335938,20.180355563841168,8167.426002422182,92973.09830134541,0.005285559508884541,116148.98556364953,-0.1995358560372769
2025-07-11 00:00:00-04:00,210.7163543701172,84286.54174804688,21.445279182216836,8167.426002422182,92475.41302965127,-0.005353002973839116,116148.98556364953,-0.2038207429803609
2025-07-14 00:00:00-04:00,208.1816864013672,83272.67456054688,15.353933273419429,8167.426002422182,91455.45449624248,-0.011029510439512724,116148.98556364953,-0.2126022104073825
2025-07-15 00:00:00-04:00,208.6706695556641,83468.26782226564,7.008308184309886,8167.426002422182,91642.70213287213,0.002047419015749785,116148.98556364953,-0.2109900772000112
2025-07-16 00:00:00-04:00,209.71847534179688,83887.39013671875,1.8102309729924215,8167.426002422182,92056.62637011393,0.004516717944890392,116148.98556364953,-0.20742634192300388
2025-07-17 00:00:00-04:00,209.5787506103516,83831.50024414064,0.5656192949985206,8167.426002422182,91999.49186585782,-0.0006206452105510518,116148.98556364953,-0.2079182489678983
2025-07-18 00:00:00-04:00,210.7363128662109,84294.52514648436,0.02891219528591421,8167.426002422182,92461.98006110183,0.005027073365995838,116148.98556364953,-0.20393639589359347
2025-07-21 00:00:00-04:00,212.0335693359375,84813.427734375,1169.3581602440672,6998.067842178115,92980.85373679719,0.005611751720571823,116148.98556364953,-0.1994690845935648
2025-07-22 00:00:00-04:00,213.94955444335935,85579.82177734374,965.8348886271995,6998.067842178115,93543.72450814905,0.006053620167278728,116148.98556364953,-0.19462297449953034
2025-07-23 00:00:00-04:00,213.7000732421875,85480.029296875,964.2411933499972,6998.067842178115,93442.33833240312,-0.0010838372780112016,116148.98556364953,-0.19549587214262149
2025-07-24 00:00:00-04:00,213.31088256835935,85324.35302734374,974.9142356552596,6998.067842178115,93297.33510517712,-0.0015517936495785811,116148.98556364953,-0.19674429653929035
2025-07-25 00:00:00-04:00,213.4306488037109,85372.25952148436,940.1224748954434,6998.067842178115,93310.44983855792,0.00014056921739524775,116148.98556364953,-0.19663138351368653
2025-07-28 00:00:00-04:00,213.6002960205078,85440.11840820312,852.3332161980449,6998.067842178115,93290.5194665793,-0.00021359206833859723,116148.98556364953,-0.1968029766781202
2025-07-29 00:00:00-04:00,210.8261260986328,84330.45043945312,1085.1328248958766,6998.067842178115,92413.65110652712,-0.009399329803992607,116148.98556364953,-0.20435249039790773
2025-07-30 00:00:00-04:00,208.6107940673828,83444.31762695312,1303.592576586962,6998.067842178115,91745.9780457182,-0.007224831535324494,116148.98556364953,-0.21010090961628333
2025-07-31 00:00:00-04:00,207.1339111328125,82853.564453125,1459.897066507932,6998.067842178115,91311.52936181104,-0.0047353430979902855,116148.98556364953,-0.21384135282204067
2025-08-01 00:00:00-04:00,201.95481872558597,80781.92749023439,2240.88859631521,6998.067842178115,90020.88392872772,-0.014134528707424154,116148.98556364953,-0.2249533347891673
2025-08-04 00:00:00-04:00,202.9227752685547,81169.11010742188,1968.1194040322396,6998.067842178115,90135.29735363224,0.0012709653572731128,116148.98556364953,-0.22396827732741426
2025-08-05 00:00:00-04:00,202.49366760253903,80997.46704101561,2008.3851732884796,6998.067842178115,90003.92005648221,-0.0014575565955542436,116148.98556364953,-0.22509938748315503
2025-08-06 00:00:00-04:00,212.80197143554688,85120.78857421875,684.4493937166249,6998.067842178115,92803.3058101135,0.03110293142648146,116148.98556364953,-0.2009977068697051
2025-08-07 00:00:00-04:00,219.56771850585935,87827.08740234374,277.2463578826276,6998.067842178115,95102.40160240448,0.024773856623116597,116148.98556364953,-0.18120333861815385
2025-08-08 00:00:00-04:00,228.8681488037109,91547.25952148436,62.692815547306324,6998.067842178115,98608.02017920978,0.036861514722428046,116148.98556364953,-0.151021253429952
2025-08-11 00:00:00-04:00,226.95997619628903,90783.99047851561,61.77804260730717,6998.067842178115,97843.83636330103,-0.007749712594573244,116148.98556364953,-0.15760059471477086
2025-08-12 00:00:00-04:00,229.42758178710935,91771.03271484374,34.49517264499988,6998.067842178115,98803.59572966685,0.009809093776762534,116148.98556364953,-0.14933741995083916
2025-08-13 00:00:00-04:00,233.10403442382807,93241.61376953122,14.077127419965407,6998.067842178115,100253.7587391293,0.014677229090226618,116148.98556364953,-0.1368520503849744
2025-08-14 00:00:00-04:00,232.5545654296875,93021.826171875,13.090087827819374,6998.067842178115,100032.98410188094,-0.002202158203592597,116148.98556364953,-0.13875283872313324
2025-08-15 00:00:00-04:00,231.3657073974609,92546.28295898436,13.914288974480105,6998.067842178115,99558.26509013696,-0.00474562481571561,116148.98556364953,-0.1428399946241534
2025-08-18 00:00:00-04:00,230.66639709472656,92266.55883789062,8.281393952898153,6998.067842178115,99272.90807402165,-0.0028662313054266253,116148.98556364953,-0.14529681346532136
2025-08-19 00:00:00-04:00,230.3367156982422,92134.68627929688,6.8754314616218615,6998.067842178115,99139.62955293662,-0.0013425467599442742,116148.98556364953,-0.14644429245911755
2025-08-20 00:00:00-04:00,225.7911071777344,90316.44287109376,16.921675360945088,6998.067842178115,97331.43238863283,-0.018238893694254465,116148.98556364953,-0.1620122042710799
2025-08-21 00:00:00-04:00,224.68218994140625,89872.8759765625,17.399181435158084,6998.067842178115,96888.34300017578,-0.0045523771466534635,116148.98556364953,-0.1658270407615307
2025-08-22 00:00:00-04:00,227.53941345214844,91015.76538085938,5.803004774357801,6998.067842178115,98019.63622781185,0.011676257355686337,116148.98556364953,-0.15608702261030788
2025-08-25 00:00:00-04:00,226.94000244140625,90776.0009765625,1.907308480873371,6998.067842178115,97775.9761272215,-0.002485829472209544,116148.98556364953,-0.15818484636148325
2025-08-26 00:00:00-04:00,229.08792114257807,91635.16845703122,0.43547338864677876,6998.067842178115,98633.67177259798,0.008772048915783648,116148.98556364953,-0.1508004026557182
2025-08-27 00:00:00-04:00,230.26678466796875,92106.7138671875,0.1091550007242384,6998.067842178115,99104.89086436635,0.004777466795059304,116148.98556364953,-0.1467433797770282
2025-08-28 00:00:00-04:00,232.33477783203125,92933.9111328125,0.01144411931401669,6998.067842178115,99931.99041910993,0.008345698658561052,116148.98556364953,-0.13962235714622495
2025-08-29 00:00:00-04:00,231.9151763916016,92766.07055664064,0.0029496525916228485,6998.067842178115,99764.14134847136,-0.0016796330177616392,116148.98556364953,-0.14106747584290608
2025-09-02 00:00:00-04:00,229.49752807617188,91799.01123046875,1.8409417084050866e-10,6998.067842178115,98797.07907264706,-0.009693485682860659,116148.98556364953,-0.14939352596836628
2025-09-03 00:00:00-04:00,238.2390594482422,95295.62377929688,4.8337905235258665e-36,6998.067842178115,102293.691621475,0.03539186159802177,116148.98556364953,-0.1192889793650574
2025-09-04 00:00:00-04:00,239.5477752685547,95819.11010742188,1321.098100908685,5676.9697412694295,102817.17794959998,0.005117483979971027,116148.98556364953,-0.11478195482597424
2025-09-05 00:00:00-04:00,239.45787048339844,95783.14819335938,1302.2839503399468,5676.9697412694295,102762.40188496874,-0.0005327520724026646,116148.98556364953,-0.11525355657406888
2025-09-08 00:00:00-04:00,237.64962768554688,95059.85107421875,1404.983592939874,5676.9697412694295,102141.80440842806,-0.006039149194229432,116148.98556364953,-0.12059667234498192
2025-09-09 00:00:00-04:00,234.123046875,93649.21875,1803.0322863191202,5676.9697412694295,101129.22077758855,-0.00991350834953486,116148.98556364953,-0.12931464457629868
2025-09-10 00:00:00-04:00,226.5703582763672,90628.14331054688,3010.21408021997,5676.9697412694295,99315.32713203627,-0.0179363949569189,116148.98556364953,-0.1449316009943835
2025-09-11 00:00:00-04:00,229.8072204589844,91922.88818359376,2386.5824259019464,5676.9697412694295,99986.44035076513,0.0067573982597533,116148.98556364953,-0.13915356328297285
2025-09-12 00:00:00-04:00,233.84332275390625,93537.3291015625,1740.813961233465,5676.9697412694295,100955.1128040654,0.009688038196999926,116148.98556364953,-0.13081365012230697
2025-09-15 00:00:00-04:00,236.47076416015625,94588.3056640625,1313.8688735895073,5676.9697412694295,101579.14427892145,0.006181276584447781,116148.98556364953,-0.1254409688902864
2025-09-16 00:00:00-04:00,237.9193572998047,95167.74291992188,1125.9088173030705,5676.9697412694295,101970.62147849437,0.003853913146757648,116148.98556364953,-0.12207049434267707
2025-09-17 00:00:00-04:00,238.7585601806641,95503.42407226564,1011.6065200220532,5676.9697412694295,102192.00033355711,0.0021710062354520776,116148.98556364953,-0.12016450391160766
2025-09-18 00:00:00-04:00,237.64962768554688,95059.85107421875,1086.980029876358,5676.9697412694295,101823.80084536455,-0.003603016742903087,116148.98556364953,-0.12333456593501457
2025-09-19 00:00:00-04:00,245.26223754882807,98104.89501953122,483.60208539137943,5676.9697412694295,104265.46684619202,0.023979324878429242,116148.98556364953,-0.10231272068188106
2025-09-22 00:00:00-04:00,255.8319854736328,102332.79418945312,104.8635805141565,5676.9697412694295,108114.6275112367,0.036916927353548346,116148.98556364953,-0.06917286460508958
2025-09-23 00:00:00-04:00,254.18359375,101673.4375,120.22929114795105,5676.9697412694295,107470.63653241738,-0.005956557346991631,116148.98556364953,-0.07471738981720528
2025-09-24 00:00:00-04:00,252.06564331054688,100826.25732421875,147.58695853012966,5676.9697412694295,106650.8140240183,-0.0076283395618652605,116148.98556364953,-0.08177575975836868
2025-09-25 00:00:00-04:00,256.6212158203125,102648.486328125,67.54442203584503,5676.9697412694295,108393.00049143028,0.016335425878883925,116148.98556364953,-0.066776175741707
2025-09-26 00:00:00-04:00,255.2126007080078,102085.04028320312,74.65543596703093,5676.9697412694295,107836.66546043957,-0.005132573399282303,116148.98556364953,-0.07156601551767162
2025-09-29 00:00:00-04:00,254.18359375,101673.4375,59.319060365206866,5676.9697412694295,107409.72630163463,-0.003959127973607202,116148.98556364953,-0.07524180447728321
2025-09-30 00:00:00-04:00,254.38340759277344,101753.36303710938,49.095474531021566,5676.9697412694295,107479.42825290983,0.0006489351912084551,116148.98556364953,-0.07464169634085006
2025-10-01 00:00:00-04:00,255.20260620117188,102081.04248046875,35.4658794804628,5676.9697412694295,107793.47810121864,0.0029219530975717056,116148.98556364953,-0.0719378427791096
2025-10-02 00:00:00-04:00,256.8809814453125,102752.392578125,20.746471770812214,5676.9697412694295,108450.10879116523,0.006091562323742972,116148.98556364953,-0.0662844943080913
2025-10-03 00:00:00-04:00,257.7701110839844,103108.04443359375,13.544573658571046,5676.9697412694295,108798.55874852175,0.0032129977668120535,116148.98556364953,-0.06328446847346551
2025-10-06 00:00:00-04:00,256.44140625,102576.5625,7.708946848214904,5676.9697412694295,108261.24118811765,-0.004938645939658648,116148.98556364953,-0.06791057482985424
2025-10-07 00:00:00-04:00,256.23162841796875,102492.6513671875,5.660063935938764,5676.9697412694295,108175.28117239286,-0.00079400545182573,116148.98556364953,-0.0686506589150285
2025-10-08 00:00:00-04:00,257.8100891113281,103124.03564453125,2.311192206864532,5676.9697412694295,108803.31657800754,0.005805720112839863,116148.98556364953,-0.06324350531341127
2025-10-09 00:00:00-04:00,253.79396057128903,101517.58422851561,4.870640286046202,5676.9697412694295,107199.42461007109,-0.014741204757177773,116148.98556364953,-0.07705242460920242
2025-10-10 00:00:00-04:00,245.032470703125,98012.98828125,40.744313173450664,5676.9697412694295,103730.70233569288,-0.032357657580676324,116148.98556364953,-0.10691684621861328
2025-10-13 00:00:00-04:00,247.42015075683597,98968.06030273439,4.11755127078699,5676.9697412694295,104649.14759527461,0.008854131312149516,116148.98556364953,-0.09900937070236418
2025-10-14 00:00:00-04:00,247.5300445556641,99012.01782226564,1.5713788472843326,5676.9697412694295,104690.55894238234,0.00039571604794996773,116148.98556364953,-0.09865283425129862
2025-10-15 00:00:00-04:00,249.09852600097656,99639.41040039062,0.16653387379414464,5676.9697412694295,105316.54667553384,0.005979409599828678,116148.98556364953,-0.09326331035564255
2025-10-16 00:00:00-04:00,247.2103576660156,98884.14306640624,0.06489977062944796,5676.9697412694295,104561.1777074463,-0.0071723674192881726,116148.98556364953,-0.09976675904632093
2025-10-17 00:00:00-04:00,252.045654296875,100818.26171875,4.87555120949734e-06,5676.9697412694295,106495.23146489498,0.018496862792230617,116148.98556364953,-0.08311526830739561
2025-10-20 00:00:00-04:00,261.98602294921875,104794.4091796875,1444.844298782624,4232.125442486806,110471.37892095694,0.03733638963330144,116148.98556364953,-0.04888210271609539
2025-10-21 00:00:00-04:00,262.5155029296875,105006.201171875,1362.358777843977,4232.125442486806,110600.68539220579,0.0011704974855195616,116148.98556364953,-0.047768821608891954
2025-10-22 00:00:00-04:00,258.19970703125,103279.8828125,1800.8665986952224,4232.125442486806,109312.87485368203,-0.0116437844300602,116148.98556364953,-0.05885639617766026
2025-10-23 00:00:00-04:00,259.3285827636719,103731.43310546875,1634.6391561225175,4232.125442486806,109598.19770407808,0.0026101486286767006,116148.98556364953,-0.056399871490755565
2025-10-24 00:00:00-04:00,262.56549072265625,105026.1962890625,1266.0279531058563,4232.125442486806,110524.34968465517,0.008450430755054583,116148.98556364953,-0.04842604394432758
2025-10-27 00:00:00-04:00,268.5496520996094,107419.86083984375,718.5323131719201,4232.125442486806,112370.51859550248,0.016703730138333706,116148.98556364953,-0.03253120937570702
2025-10-28 00:00:00-04:00,268.7394714355469,107495.78857421875,681.5577693161913,4232.125442486806,112409.47178602175,0.0003466495572517214,116148.98556364953,-0.03219583674778231
2025-10-29 00:00:00-04:00,269.4388122558594,107775.52490234375,616.3514174384261,4232.125442486806,112624.00176226899,0.0019084688579946718,116148.98556364953,-0.030348812641577953
2025-10-30 00:00:00-04:00,271.1371459960937,108454.85839843747,505.44423411181185,4232.125442486806,113192.42807503609,0.005047115214099396,116148.98556364953,-0.02545487138149176
2025-10-31 00:00:00-04:00,270.108154296875,108043.26171875,532.4107854203959,4232.125442486806,112807.7979466572,-0.0033980199463865546,116148.98556364953,-0.02876639516719125
2025-11-03 00:00:00-05:00,268.7894287109375,107515.771484375,500.23993887208746,4232.125442486806,112248.13686573389,-0.004961191434549206,116148.98556364953,-0.0335848710084341
2025-11-04 00:00:00-05:00,269.7784729003906,107911.38916015625,428.22051997628563,4232.125442486806,112571.73512261934,0.002882883100968847,116148.98556364953,-0.030798809164543774
2025-11-05 00:00:00-05:00,269.8783874511719,107951.35498046875,399.90440570301473,4232.125442486806,112583.38482865857,0.00010348695457640389,116148.98556364953,-0.03069850948493233
2025-11-06 00:00:00-05:00,269.5087280273437,107803.49121093747,391.8859716471715,4232.125442486806,112427.50262507146,-0.0013845933289743373,116148.98556364953,-0.03204059786246438
2025-11-07 00:00:00-05:00,268.2099914550781,107283.99658203125,425.35147815397494,4232.125442486806,111941.47350267203,-0.004323044727056358,116148.98556364953,-0.03622512965187966
2025-11-10 00:00:00-05:00,269.42999267578125,107771.9970703125,299.41754160756346,4232.125442486806,112303.54005440687,0.0032344272449316147,116148.98556364953,-0.03310786995324522
2025-11-11 00:00:00-05:00,275.25,110100.0,126.26946076697863,4232.125442486806,114458.3949032538,0.01918777313522768,116148.98556364953,-0.014555363115670942
2025-11-12 00:00:00-05:00,273.4700012207031,109388.00048828125,145.41242105064427,4232.125442486806,113765.5383518187,-0.006053348485453913,116148.98556364953,-0.020520602915853333
2025-11-13 00:00:00-05:00,272.95001220703125,109180.0048828125,139.92831424940135,4232.125442486806,113552.0586395487,-0.0018764883932584908,116148.98556364953,-0.0223585846359176
2025-11-14 00:00:00-05:00,272.4100036621094,108964.00146484375,134.4855612011429,4232.125442486806,113330.6124685317,-0.0019501731071203121,116148.98556364953,-0.0242651546325677
2025-11-17 00:00:00-05:00,267.4599914550781,106983.99658203125,197.8328812969977,4232.125442486806,111413.95490581506,-0.016912090396130508,116148.98556364953,-0.04076687054007616
2025-11-18 00:00:00-05:00,267.44000244140625,106976.0009765625,174.1906390660148,4232.125442486806,111382.31705811532,-0.000283966651452916,116148.98556364953,-0.041039260759811624
2025-11-19 00:00:00-05:00,268.5599975585937,107423.99902343747,124.03073251318943,4232.125442486806,111780.15519843747,0.0035718249613587716,116148.98556364953,-0.03761402085443055
2025-11-20 00:00:00-05:00,266.25,106500.0,158.58296088477175,4232.125442486806,110890.70840337158,-0.007957108249553757,116148.98556364953,-0.045271830268344644
2025-11-21 00:00:00-05:00,271.489990234375,108595.99609375,46.968140426418614,4232.125442486806,112875.08967666322,0.017894928275445254,116148.98556364953,-0.02818703814844961
2025-11-24 00:00:00-05:00,275.9200134277344,110368.00537109375,5.204385938506828,4232.125442486806,114605.33519951906,0.01532885181143362,116148.98556364953,-0.013290261267796907
2025-11-25 00:00:00-05:00,276.9700012207031,110788.00048828125,2.0589157287137505,4232.125442486806,115022.18484649678,0.0036372621418716555,116148.98556364953,-0.009701339290090238
2025-11-26 00:00:00-05:00,277.54998779296875,111019.9951171875,0.766800361887876,4232.125442486806,115252.8873600362,0.0020057218861500026,116148.98556364953,-0.007715075592479235
2025-11-28 00:00:00-05:00,278.8500061035156,111540.00244140625,0.0342946295674898,4232.125442486806,115772.16217852263,0.004505525461277804,116148.98556364953,-0.0032443106007189744
2025-12-01 00:00:00-05:00,283.1000061035156,113240.00244140625,4.331373440458435e-10,4232.125442486806,117472.1278838935,0.014683717340870706,117472.1278838935,0.0
2025-12-02 00:00:00-05:00,286.19000244140625,114476.0009765625,8.213243766756365e-25,4232.125442486806,118708.12641904931,0.010521632300535488,118708.12641904931,0.0
2025-12-03 00:00:00-05:00,284.1499938964844,113659.99755859375,0.0,4232.125442486806,117892.12300108056,-0.0068740316487533315,118708.12641904931,-0.006874031648753278
2025-12-04 00:00:00-05:00,280.70001220703125,112280.0048828125,1548.0513339604897,2684.074108526316,116512.13032529931,-0.011705554541320828,118708.12641904931,-0.01849912183769084
2025-12-05 00:00:00-05:00,278.7799987792969,111511.99951171875,1716.8910917684002,2684.074108526316,115912.96471201346,-0.005142517020442328,118708.12641904931,-0.02354650680921962
2025-12-08 00:00:00-05:00,277.8900146484375,111156.005859375,1711.6442172644156,2684.074108526316,115551.72418516573,-0.00311648078146598,118708.12641904931,-0.026589605354743976
2025-12-09 00:00:00-05:00,277.17999267578125,110871.9970703125,1757.1030235138949,2684.074108526316,115313.1742023527,-0.002064443300134222,118708.12641904931,-0.028599155922250416
2025-12-10 00:00:00-05:00,278.7799987792969,111511.99951171875,1542.3402844642055,2684.074108526316,115738.41390470928,0.003687694014999243,118708.12641904931,-0.025016926843379767
